Name,Ticker,Symbol,Symbol2,Sector,TIDM,
1PM PLC,OPM,LON:OPM,OPM.L,General Financial,OPM,
1SPATIAL PLC,SPA,LON:SPA,SPA.L,Support Services,SPA,
21ST CENTURY TECHNOLOGY PLC,C21,LON:C21,C21.L,Support Services,C21,
32RED PLC,TTR,LON:TTR,TTR.L,Travel & Leisure,TTR,
4D PHARMA PLC,DDDD,LON:DDDD,DDDD.L,Pharmaceuticals & Biotechnology,DDDD,
600 GROUP PLC,SIXH,LON:SIXH,SIXH.L,Industrial Engineering,SIXH,
7DIGITAL GROUP PLC,7DIG,LON:7DIG,7DIG.L,General Retailers,7DIG,
88 ENERGY LIMITED,88E,LON:88E,88E.L,Oil & Gas Producers,88E,
ABBEY PLC,ABBY,LON:ABBY,ABBY.L,Household Goods,ABBY,
ABCAM PLC,ABC,LON:ABC,ABC.L,Pharmaceuticals & Biotechnology,ABC,
AB DYNAMICS PLC,ABDP,LON:ABDP,ABDP.L,Industrial Engineering,ABDP,
ABERDEEN FRONT MKTS INV CO LTD ,AFMC,LON:AFMC,AFMC.L,Equity Investment Instruments,AFMC,
ABZENA PLC,ABZA,LON:ABZA,ABZA.L,Pharmaceuticals & Biotechnology,ABZA,
ACCESS INTELLIGENCE PLC,ACC,LON:ACC,ACC.L,Software & Computer Services,ACC,
ACCESSO TECHNOLOGY GROUP PLC,ACSO,LON:ACSO,ACSO.L,Software & Computer Services,ACSO,
ACCROL GROUP HOLDINGS PLC,ACRL,LON:ACRL,ACRL.L,Household Goods,ACRL,
ACCSYS TECHNOLOGIES PLC,AXS,LON:AXS,AXS.L,Construction & Materials,AXS,
ACTION HOTELS PLC,AHCG,LON:AHCG,AHCG.L,Travel & Leisure,AHCG,
ACTIVE ENERGY GROUP PLC,AEG,LON:AEG,AEG.L,Alternative Energy,AEG,
ACTUAL EXPERIENCE PLC,ACT,LON:ACT,ACT.L,Software & Computer Services,ACT,
ADAMAS FINANCE ASIA LD,ADAM,LON:ADAM,ADAM.L,General Financial,ADAM,
ADAMS PLC,ADA,LON:ADA,ADA.L,Real Estate Investment & Services,ADA,
ADEPT4  PLC,AD4,LON:AD4,AD4.L,Software & Computer Services,AD4,
ADEPT TELECOM PLC,ADT,LON:ADT,ADT.L,Fixed Line Telecommunications,ADT,
ADGORITHMS LTD,ADGO,LON:ADGO,ADGO.L,Media,ADGO,
ADVANCED MEDICAL SOLUTIONS GRP PLC,AMS,LON:AMS,AMS.L,Health Care Equipment & Services,AMS,
ADVANCED ONCOTHERAPY PLC,AVO,LON:AVO,AVO.L,Health Care Equipment & Services,AVO,
ADVFN PLC,AFN,LON:AFN,AFN.L,General Financial,AFN,
AEOREMA COMMUNICATIONS PLC,AEO,LON:AEO,AEO.L,Media,AEO,
AFC ENERGY PLC,AFC,LON:AFC,AFC.L,Alternative Energy,AFC,
AFH FINANCIAL GROUP PLC,AFHP,LON:AFHP,AFHP.L,General Financial,AFHP,
AGGREGATED MICRO POWER HOLDINGS PLC,AMPH,LON:AMPH,AMPH.L,Electricity,AMPH,
AGRITERRA LD,AGTA,LON:AGTA,AGTA.L,Food Producers,AGTA,
AIREA PLC,AIEA,LON:AIEA,AIEA.L,Household Goods,AIEA,
"AKERS BIOSCIENCES, INC",AKR,LON:AKR,AKR.L,Health Care Equipment & Services,AKR,
ALBA MINERAL RESOURCES PLC,ALBA,LON:ALBA,ALBA.L,Mining,ALBA,
ALEXANDER MINING PLC,AXM,LON:AXM,AXM.L,Mining,AXM,
ALL ASIA ASSET CAPITAL LD,AAA,LON:AAA,AAA.L,General Financial,AAA,
ALLERGY THERAPEUTICS PLC,AGY,LON:AGY,AGY.L,Pharmaceuticals & Biotechnology,AGY,
ALLIANCE PHARMA PLC,APH,LON:APH,APH.L,Pharmaceuticals & Biotechnology,APH,
ALPHA FX GROUP PLC,AFX,LON:AFX,AFX.L,General Financial,AFX,
ALPHA RETURNS GROUP PLC,ARGP,LON:ARGP,ARGP.L,Support Services,ARGP,
ALTITUDE GROUP PLC,ALT,LON:ALT,ALT.L,Support Services,ALT,
ALTONA ENERGY PLC,ANR,LON:ANR,ANR.L,Mining,ANR,
AMBRIAN PLC,AMBR,LON:AMBR,AMBR.L,Industrial Metals,AMBR,
AMEDEO RESOURCES PLC,AMED,LON:AMED,AMED.L,General Financial,AMED,
AMERISUR RESOURCES PLC,AMER,LON:AMER,AMER.L,Oil & Gas Producers,AMER,
AMIAD WATER SYSTEMS LD,AFS,LON:AFS,AFS.L,Industrial Engineering,AFS,
AMINO TECHNOLOGIES PLC,AMO,LON:AMO,AMO.L,Technology Hardware & Equipment,AMO,
AMPHION INNOVATIONS PLC,AMP,LON:AMP,AMP.L,General Financial,AMP,
AMRYT PHARMA PLC,AMYT,LON:AMYT,AMYT.L,Pharmaceuticals & Biotechnology,AMYT,
AMUR MINERALS CORPORATION,AMC,LON:AMC,AMC.L,Mining,AMC,
ANDALAS ENERGY AND POWER PLC,ADL,LON:ADL,ADL.L,Alternative Energy,ADL,
ANDES ENERGIA PLC,AEN,LON:AEN,AEN.L,Oil & Gas Producers,AEN,
ANDREWS SYKES GROUP PLC,ASY,LON:ASY,ASY.L,Support Services,ASY,
ANGLE PLC,AGL,LON:AGL,AGL.L,Pharmaceuticals & Biotechnology,AGL,
ANGLO AFRICAN OIL & GAS PLC,AAOG,LON:AAOG,AAOG.L,Oil & Gas Producers,AAOG,
ANGLO ASIAN MINING PLC,AAZ,LON:AAZ,AAZ.L,Mining,AAZ,
ANGUS ENERGY PLC,ANGS,LON:ANGS,ANGS.L,Oil & Gas Producers,ANGS,
ANIMALCARE GROUP PLC,ANCR,LON:ANCR,ANCR.L,Pharmaceuticals & Biotechnology,ANCR,
ANPARIO PLC,ANP,LON:ANP,ANP.L,Pharmaceuticals & Biotechnology,ANP,
AORTECH INTERNATIONAL PLC,AOR,LON:AOR,AOR.L,Health Care Equipment & Services,AOR,
APC TECHNOLOGY GROUP PLC,APC,LON:APC,APC.L,Electronic & Electrical Equipment,APC,
APPLEGREEN PLC,APGN,LON:APGN,APGN.L,General Retailers,APGN,
APPLIED GRAPHENE MATERIALS PLC,AGM,LON:AGM,AGM.L,Chemicals,AGM,
APQ GLOBAL LIMITED,APQ,LON:APQ,APQ.L,General Financial,APQ,
AQUABOUNTY TECHNOLOGIES INC.,ABTU,LON:ABTU,ABTU.L,Pharmaceuticals & Biotechnology,ABTU,
AQUATIC FOODS GROUP PLC,AFG,LON:AFG,AFG.L,Food Producers,AFG,
ARBUTHNOT BANKING GROUP PLC,ARBB,LON:ARBB,ARBB.L,General Financial,ARBB,
ARCONTECH GROUP PLC,ARC,LON:ARC,ARC.L,Software & Computer Services,ARC,
ARDEN PARTNERS PLC,ARDN,LON:ARDN,ARDN.L,General Financial,ARDN,
ARGO GROUP LD,ARGO,LON:ARGO,ARGO.L,General Financial,ARGO,
ARGOS RESOURCES LD,ARG,LON:ARG,ARG.L,Oil & Gas Producers,ARG,
ARIANA RESOURCES PLC,AAU,LON:AAU,AAU.L,Mining,AAU,
ARIAN SILVER CORPORATION,AGQ,LON:AGQ,AGQ.L,Mining,AGQ,
ARMADALE CAPITAL PLC,ACP,LON:ACP,ACP.L,"Gas, Water & Multiutilities",ACP,
ARTILIUM PLC,ARTA,LON:ARTA,ARTA.L,Software & Computer Services,ARTA,
ASA RESOURCE GROUP PLC,ASA,LON:ASA,ASA.L,Mining,ASA,
ASCENT RESOURCES PLC,AST,LON:AST,AST.L,Oil & Gas Producers,AST,
ASHLEY HOUSE PLC,ASH,LON:ASH,ASH.L,Construction & Materials,ASH,
ASIAMET RESOURCES LD,ARS,LON:ARS,ARS.L,Mining,ARS,
ASIAN GROWTH PROPERTIES LD,AGP,LON:AGP,AGP.L,Real Estate Investment & Services,AGP,
ASOS PLC,ASC,LON:ASC,ASC.L,General Retailers,ASC,
ASSETCO PLC,ASTO,LON:ASTO,ASTO.L,Support Services,ASTO,
ATALAYA MINING PLC,ATYM,LON:ATYM,ATYM.L,Mining,ATYM,
ATLANTIS RESOURCES LTD,ARL,LON:ARL,ARL.L,Alternative Energy,ARL,
ATTRAQT GROUP PLC,ATQT,LON:ATQT,ATQT.L,Software & Computer Services,ATQT,
AUDIOBOOM GROUP PLC,BOOM,LON:BOOM,BOOM.L,Media,BOOM,
AUGEAN PLC,AUG,LON:AUG,AUG.L,Support Services,AUG,
AUKETT SWANKE GROUP PLC,AUK,LON:AUK,AUK.L,Construction & Materials,AUK,
AURA ENERGY LIMITED,AURA,LON:AURA,AURA.L,Industrial Metals,AURA,
AUTINS GROUP PLC,AUTG,LON:AUTG,AUTG.L,Automobiles & Parts,AUTG,
AVACTA GROUP PLC,AVCT,LON:AVCT,AVCT.L,Pharmaceuticals & Biotechnology,AVCT,
AVANTI COMMUNICATIONS GROUP PLC,AVN,LON:AVN,AVN.L,Mobile Telecommunications,AVN,
AVESORO RESOURCES INC.,ASO,LON:ASO,ASO.L,Mining,ASO,
AVINGTRANS PLC,AVG,LON:AVG,AVG.L,Industrial Engineering,AVG,
BACANORA MINERALS LTD,BCN,LON:BCN,BCN.L,Mining,BCN,
BAGIR GROUP LTD.,BAGR,LON:BAGR,BAGR.L,Personal Goods,BAGR,
BAHAMAS PETROLEUM COMPANY PLC,BPC,LON:BPC,BPC.L,Oil & Gas Producers,BPC,
BAILEY(C.H.) PLC,BLEY,LON:BLEY,BLEY.L,Industrial Engineering,BLEY,
BANGO PLC,BGO,LON:BGO,BGO.L,Software & Computer Services,BGO,
BARON OIL PLC,BOIL,LON:BOIL,BOIL.L,Oil & Gas Producers,BOIL,
BASE RESOURCES LD,BSE,LON:BSE,BSE.L,Mining,BSE,
BEGBIES TRAYNOR GROUP PLC,BEG,LON:BEG,BEG.L,Support Services,BEG,
BE HEARD GROUP PLC,BHRD,LON:BHRD,BHRD.L,Media,BHRD,
BELLZONE MINING PLC,BZM,LON:BZM,BZM.L,Mining,BZM,
BELVOIR LETTINGS PLC,BLV,LON:BLV,BLV.L,Real Estate Investment & Services,BLV,
BENCHMARK HOLDINGS PLC,BMK,LON:BMK,BMK.L,Pharmaceuticals & Biotechnology,BMK,
BEOWULF MINING PLC,BEM,LON:BEM,BEM.L,Mining,BEM,
BERKELEY ENERGIA LTD,BKY,LON:BKY,BKY.L,Mining,BKY,
BEST OF THE BEST PLC,BOTB,LON:BOTB,BOTB.L,Travel & Leisure,BOTB,
BEXIMCO PHARMACEUTICALS LD,BXP,LON:BXP,BXP.L,Pharmaceuticals & Biotechnology,BXP,
BEZANT RESOURCES PLC,BZT,LON:BZT,BZT.L,Mining,BZT,
BIG SOFA TECHNOLOGIES GROUP PLC,BST,LON:BST,BST.L,Software & Computer Services,BST,
BILBY PLC,BILB,LON:BILB,BILB.L,Support Services,BILB,
BILLING SERVICES GROUP LD,BILL,LON:BILL,BILL.L,Support Services,BILL,
BILLINGTON HOLDINGS PLC,BILN,LON:BILN,BILN.L,Construction & Materials,BILN,
BIOME TECHNOLOGIES PLC,BIOM,LON:BIOM,BIOM.L,Chemicals,BIOM,
BIOVENTIX PLC,BVXP,LON:BVXP,BVXP.L,Pharmaceuticals & Biotechnology,BVXP,
BLANCCO TECHNOLOGY GROUP PLC,BLTG,LON:BLTG,BLTG.L,Software & Computer Services,BLTG,
BLENHEIM NATURAL RESOURCES PLC,BNR,LON:BNR,BNR.L,General Financial,BNR,
BLUEJAY MINING PLC,JAY,LON:JAY,JAY.L,Industrial Metals,JAY,
BLUE PRISM GROUP PLC,PRSM,LON:PRSM,PRSM.L,Software & Computer Services,PRSM,
BLUEROCK DIAMONDS PLC,BRD,LON:BRD,BRD.L,Mining,BRD,
BLUE STAR CAPITAL PLC,BLU,LON:BLU,BLU.L,General Financial,BLU,
BLUR GROUP PLC,BLUR,LON:BLUR,BLUR.L,Software & Computer Services,BLUR,
BMR GROUP PLC,BMR,LON:BMR,BMR.L,Industrial Metals,BMR,
BNN TECHNOLOGY PLC,BNN,LON:BNN,BNN.L,Software & Computer Services,BNN,
BOOHOO.COM PLC,BOO,LON:BOO,BOO.L,General Retailers,BOO,
BORDERS & SOUTHERN PETROLEUM PLC,BOR,LON:BOR,BOR.L,Oil & Gas Producers,BOR,
BOS GLOBAL HOLDINGS LIMITED,BOS,LON:BOS,BOS.L,Software & Computer Services,BOS,
BOTSWANA DIAMONDS PLC,BOD,LON:BOD,BOD.L,Mining,BOD,
BOWLEVEN PLC,BLVN,LON:BLVN,BLVN.L,Oil & Gas Producers,BLVN,
BOXHILL TECHNOLOGIES PLC,BOX,LON:BOX,BOX.L,Travel & Leisure,BOX,
B.P. MARSH & PARTNERS PLC,BPM,LON:BPM,BPM.L,General Financial,BPM,
BRADY PLC,BRY,LON:BRY,BRY.L,Software & Computer Services,BRY,
BRAIME(T.F.& J.H.)(HLDGS) PLC,BMTO,LON:BMTO,BMTO.L,Industrial Engineering,BMT,
BRAVE BISON GROUP PLC,BBSN,LON:BBSN,BBSN.L,Software & Computer Services,BBSN,
BRAVEHEART INVESTMENT GROUP PLC,BRH,LON:BRH,BRH.L,General Financial,BRH,
BREEDON GROUP PLC,BREE,LON:BREE,BREE.L,Construction & Materials,BREE,
BRIGHTON PIER GROUP PLC (THE),PIER,LON:PIER,PIER.L,Travel & Leisure,PIER,
BROOKS MACDONALD GROUP PLC,BRK,LON:BRK,BRK.L,General Financial,BRK,
BURFORD CAPITAL LIMITED,BUR,LON:BUR,BUR.L,General Financial,BUR,
BUSHVELD MINERALS LIMITED,BMN,LON:BMN,BMN.L,Mining,BMN,
BYOTROL PLC,BYOT,LON:BYOT,BYOT.L,Chemicals,BYOT,
C4X DISCOVERY HOLDINGS PLC,C4XD,LON:C4XD,C4XD.L,Pharmaceuticals & Biotechnology,C4XD,
CADENCE MINERALS PLC,KDNC,LON:KDNC,KDNC.L,Mining,KDNC,
CALEDONIA MINING CORP PLC,CMCL,LON:CMCL,CMCL.L,Mining,CMCL,
CALEDONIAN TRUST PLC,CNN,LON:CNN,CNN.L,Real Estate Investment & Services,CNN,
CAMBIUM GLOBAL TIMBERLAND LD,TREE,LON:TREE,TREE.L,Forestry & Paper,TREE,
CAMBRIA AFRICA PLC,CMB,LON:CMB,CMB.L,Equity Investment Instruments,CMB,
CAMBRIA AUTOMOBILES PLC,CAMB,LON:CAMB,CAMB.L,General Retailers,CAMB,
CAMBRIDGE COGNITION HOLDINGS PLC,COG,LON:COG,COG.L,Health Care Equipment & Services,COG,
CAMELLIA PLC,CAM,LON:CAM,CAM.L,Food Producers,CAM,
CAMPER & NICHOLSONS MARINA INV LD,CNMI,LON:CNMI,CNMI.L,Real Estate Investment & Services,CNMI,
CAP-XX LD,CPX,LON:CPX,CPX.L,Electronic & Electrical Equipment,CPX,
CARETECH HOLDINGS PLC,CTH,LON:CTH,CTH.L,Health Care Equipment & Services,CTH,
CARIBBEAN INVESTMENT HOLDINGS LTD,CIHL,LON:CIHL,CIHL.L,Banks,CIHL,
CASPIAN SUNRISE PLC,CASP,LON:CASP,CASP.L,Oil & Gas Producers,CASP,
CASTLETON TECHNOLOGY PLC,CTP,LON:CTP,CTP.L,Software & Computer Services,CTP,
CATALYST MEDIA GROUP PLC,CMX,LON:CMX,CMX.L,Media,CMX,
CELLCAST PLC,CLTV,LON:CLTV,CLTV.L,Media,CLTV,
CELLO GROUP PLC,CLL,LON:CLL,CLL.L,Media,CLL,
CELTIC PLC,CCP,LON:CCP,CCP.L,Travel & Leisure,CCP,
CENKOS SECURITIES PLC,CNKS,LON:CNKS,CNKS.L,General Financial,CNKS,
CENTRAL ASIA METALS PLC,CAML,LON:CAML,CAML.L,Mining,CAML,
CENTRALNIC GROUP PLC,CNIC,LON:CNIC,CNIC.L,Software & Computer Services,CNIC,
CENTRAL RAND GOLD LIMITED,CRND,LON:CRND,CRND.L,Mining,CRND,
CEPS PLC,CEPS,LON:CEPS,CEPS.L,Support Services,CEPS,
CERES POWER HOLDINGS PLC,CWR,LON:CWR,CWR.L,Alternative Energy,CWR,
CERILLION PLC,CER,LON:CER,CER.L,Software & Computer Services,CER,
CHAARAT GOLD HOLDINGS LD,CGH,LON:CGH,CGH.L,Mining,CGH,
CHAMBERLIN PLC,CMH,LON:CMH,CMH.L,Industrial Engineering,CMH,
CHARACTER GROUP PLC,CCT,LON:CCT,CCT.L,Leisure Goods,CCT,
CHARIOT OIL & GAS LD,CHAR,LON:CHAR,CHAR.L,Oil & Gas Producers,CHAR,
CHINA AFRICA RESOURCES PLC,CAF,LON:CAF,CAF.L,Mining,CAF,
CHINA NEW ENERGY LIMITED,CNEL,LON:CNEL,CNEL.L,Alternative Energy,CNEL,
CHINA NONFERROUS GOLD LD,CNG,LON:CNG,CNG.L,Mining,CNG,
CHRISTIE GROUP PLC,CTG,LON:CTG,CTG.L,Support Services,CTG,
CHURCHILL CHINA PLC,CHH,LON:CHH,CHH.L,Household Goods,CHH,
CIRCLE HOLDINGS PLC,CIRC,LON:CIRC,CIRC.L,Health Care Equipment & Services,CIRC,
CIRCLE PROPERTY PLC,CRC,LON:CRC,CRC.L,Real Estate Investment & Services,CRC,
CITYFIBRE INFRASTRUCTURE HLDGS PLC,CITY,LON:CITY,CITY.L,Fixed Line Telecommunications,CITY,
CITY OF LONDON GROUP PLC,CIN,LON:CIN,CIN.L,General Financial,CIN,
CLEAR LEISURE PLC,CLP,LON:CLP,CLP.L,General Financial,CLP,
CLEARSTAR INC.,CLSU,LON:CLSU,CLSU.L,Software & Computer Services,CLSU,
CLINIGEN GROUP PLC,CLIN,LON:CLIN,CLIN.L,Pharmaceuticals & Biotechnology,CLIN,
CLONTARF ENERGY PLC,CLON,LON:CLON,CLON.L,Oil & Gas Producers,CLON,
CLOUDBUY PLC,CBUY,LON:CBUY,CBUY.L,Software & Computer Services,CBUY,
CLOUDCALL GROUP PLC,CALL,LON:CALL,CALL.L,Software & Computer Services,CALL,
CLUFF NATURAL RESOURCES PLC,CLNR,LON:CLNR,CLNR.L,General Financial,CLNR,
COAL OF AFRICA LIMITED,CZA,LON:CZA,CZA.L,Mining,CZA,
COGENPOWER PLC,CGP,LON:CGP,CGP.L,Alternative Energy,CGP,
COHORT PLC,CHRT,LON:CHRT,CHRT.L,Aerospace & Defense,CHRT,
COLEFAX GROUP PLC,CFX,LON:CFX,CFX.L,Household Goods,CFX,
COLLAGEN SOLUTIONS PLC,COS,LON:COS,COS.L,Health Care Equipment & Services,COS,
COMPTOIR GROUP PLC,COM,LON:COM,COM.L,Travel & Leisure,COM,
CONCEPTA PLC,CPT,LON:CPT,CPT.L,Health Care Equipment & Services,CPT,
CONCHA PLC,CHA,LON:CHA,CHA.L,Personal Goods,CHA,
CONCURRENT TECHNOLOGIES PLC,CNC,LON:CNC,CNC.L,Technology Hardware & Equipment,CNC,
CONDOR GOLD PLC,CNR,LON:CNR,CNR.L,Mining,CNR,
CONNEMARA MINING COMPANY PLC,CON,LON:CON,CON.L,Mining,CON,
CONROY GOLD & NATURAL RESOURCES PLC,CGNR,LON:CGNR,CGNR.L,Mining,CGNR,
CONVIVIALITY PLC,CVR,LON:CVR,CVR.L,Food & Drug Retailers,CVR,
CONYGAR INVESTMENT COMPANY PLC,CIC,LON:CIC,CIC.L,Real Estate Investment & Services,CIC,
CORAL PRODUCTS PLC,CRU,LON:CRU,CRU.L,General Industrials,CRU,
CORERO NETWORK SECURITY PLC,CNS,LON:CNS,CNS.L,Software & Computer Services,CNS,
CORETX HOLDINGS PLC,COR,LON:COR,COR.L,Travel & Leisure,COR,
CPL RESOURCES PLC,CPS,LON:CPS,CPS.L,Support Services,CPS,
CPPGROUP PLC,CPP,LON:CPP,CPP.L,Support Services,CPP,
CRANEWARE PLC,CRW,LON:CRW,CRW.L,Software & Computer Services,CRW,
CRAVEN HOUSE CAPITAL PLC,CRV,LON:CRV,CRV.L,General Financial,CRV,
CRAWSHAW GROUP PLC,CRAW,LON:CRAW,CRAW.L,Food & Drug Retailers,CRAW,
CREO MEDICAL GROUP PLC,CREO,LON:CREO,CREO.L,Health Care Equipment & Services,CREO,
CRIMSON TIDE PLC,TIDE,LON:TIDE,TIDE.L,Software & Computer Services,TIDE,
CROMA SECURITY SOLUTIONS GROUP PLC,CSSG,LON:CSSG,CSSG.L,Support Services,CSSG,
CRONIN GROUP PLC,CRON,LON:CRON,CRON.L,Chemicals,CRON,
CROPPER(JAMES) PLC,CRPR,LON:CRPR,CRPR.L,Forestry & Paper,CRPR,
CROSSRIDER PLC,CROS,LON:CROS,CROS.L,Media,CROS,
CRYSTAL AMBER FUND LD,CRS,LON:CRS,CRS.L,Equity Investment Instruments,CRS,
CSF GROUP PLC,CSFG,LON:CSFG,CSFG.L,Software & Computer Services,CSFG,
CURTIS BANKS GROUP PLC ,CBP,LON:CBP,CBP.L,General Financial,CBP,
CVS GROUP PLC,CVSG,LON:CVSG,CVSG.L,General Retailers,CVSG,
CYANCONNODE HOLDINGS PLC,CYAN,LON:CYAN,CYAN.L,Technology Hardware & Equipment,CYAN,
D4T4 SOLUTIONS PLC,D4T4,LON:D4T4,D4T4.L,Software & Computer Services,D4T4,
DALRADIAN RESOURCES INC.,DALR,LON:DALR,DALR.L,Mining,DALR,
DART GROUP PLC,DTG,LON:DTG,DTG.L,Travel & Leisure,DTG,
DATATEC LD,DTC,LON:DTC,DTC.L,Software & Computer Services,DTC,
DCD MEDIA PLC,DCD,LON:DCD,DCD.L,Media,DCD,
DEFENX PLC,DFX,LON:DFX,DFX.L,Software & Computer Services,DFX,
DEKELOIL PUBLIC LIMITED,DKL,LON:DKL,DKL.L,Food Producers,DKL,
DELTEX MEDICAL GROUP PLC,DEMG,LON:DEMG,DEMG.L,Health Care Equipment & Services,DEMG,
DEWHURST PLC,DWHT,LON:DWHT,DWHT.L,Electronic & Electrical Equipment,DWHT,
DIGITAL BARRIERS PLC,DGB,LON:DGB,DGB.L,Support Services,DGB,
DILLISTONE GROUP PLC,DSG,LON:DSG,DSG.L,Software & Computer Services,DSG,
DIRECTA PLUS PLC,DCTA,LON:DCTA,DCTA.L,Chemicals,DCTA,
DISTIL PLC,DIS,LON:DIS,DIS.L,Beverages,DIS,
DIURNAL GROUP PLC,DNL,LON:DNL,DNL.L,Pharmaceuticals & Biotechnology,DNL,
DIVERSIFIED GAS & OIL PLC,DGOC,LON:DGOC,DGOC.L,Oil & Gas Producers,DGOC,
DODS GROUP PLC,DODS,LON:DODS,DODS.L,Media,DODS,
DOLPHIN CAPITAL INVESTORS LD,DCI,LON:DCI,DCI.L,Real Estate Investment & Services,DCI,
DORCASTER PLC,DAR,LON:DAR,DAR.L,Nonequity Investment Instruments,DAR,
DOTDIGITAL GROUP PLC,DOTD,LON:DOTD,DOTD.L,Software & Computer Services,DOTD,
DP POLAND PLC,DPP,LON:DPP,DPP.L,Travel & Leisure,DPP,
DRAGANFLY INVESTMENTS LTD,DRG,LON:DRG,DRG.L,General Financial,DRG,
DRAGON-UKRAINIAN PROP. & DEV. PLC,DUPD,LON:DUPD,DUPD.L,Real Estate Investment & Services,DUPD,
DRAPER ESPRIT PLC,GROW,LON:GROW,GROW.L,General Financial,GROW,
DRIVER GROUP PLC,DRV,LON:DRV,DRV.L,Support Services,DRV,
DUKE ROYALTY LIMITED,DUKE,LON:DUKE,DUKE.L,General Financial,DUKE,
EAGLE EYE SOLUTIONS GROUP PLC,EYE,LON:EYE,EYE.L,Software & Computer Services,EYE,
EARTHPORT PLC,EPO,LON:EPO,EPO.L,Software & Computer Services,EPO,
EASTERN EUROPEAN PROPERTY FD LD,EEP,LON:EEP,EEP.L,Real Estate Investment & Services,EEP,
EASYHOTEL PLC,EZH,LON:EZH,EZH.L,Travel & Leisure,EZH,
EBIQUITY PLC,EBQ,LON:EBQ,EBQ.L,Media,EBQ,
ECHO ENERGY PLC,ECHO,LON:ECHO,ECHO.L,Oil & Gas Producers,ECHO,
ECKOH PLC,ECK,LON:ECK,ECK.L,Software & Computer Services,ECK,
ECO ANIMAL HEALTH GROUP PLC,EAH,LON:EAH,EAH.L,Pharmaceuticals & Biotechnology,EAH,
ECO (ATLANTIC) OIL & GAS LTD,ECO,LON:ECO,ECO.L,Oil & Gas Producers,ECO,
ECR MINERALS PLC,ECR,LON:ECR,ECR.L,Mining,ECR,
ECSC GROUP PLC,ECSC,LON:ECSC,ECSC.L,Software & Computer Services,ECSC,
EDDIE STOBART LOGISTICS PLC,ESL,LON:ESL,ESL.L,Support Services,ESL,
EDEN RESEARCH PLC,EDEN,LON:EDEN,EDEN.L,Pharmaceuticals & Biotechnology,EDEN,
EDENVILLE ENERGY PLC,EDL,LON:EDL,EDL.L,Mining,EDL,
EGDON RESOURCES PLC,EDR,LON:EDR,EDR.L,Oil & Gas Producers,EDR,
EG SOLUTIONS PLC,EGS,LON:EGS,EGS.L,Software & Computer Services,EGS,
EKF DIAGNOSTICS HOLDINGS PLC,EKF,LON:EKF,EKF.L,Health Care Equipment & Services,EKF,
ELAND OIL & GAS PLC,ELA,LON:ELA,ELA.L,Oil & Gas Producers,ELA,
ELECOSOFT PLC,ELCO,LON:ELCO,ELCO.L,Software & Computer Services,ELCO,
ELECTRIC WORD PLC,ELE,LON:ELE,ELE.L,Media,ELE,
ELEGANT HOTELS GROUP PLC,EHG,LON:EHG,EHG.L,Travel & Leisure,EHG,
ELEKTRON TECHNOLOGY PLC,EKT,LON:EKT,EKT.L,Electronic & Electrical Equipment,EKT,
EMIS GROUP PLC,EMIS,LON:EMIS,EMIS.L,Software & Computer Services,EMIS,
EMPRESARIA GROUP PLC,EMR,LON:EMR,EMR.L,Support Services,EMR,
EMPYREAN ENERGY PLC,EME,LON:EME,EME.L,Oil & Gas Producers,EME,
ENERGISER INVESTMENTS PLC,ENGI,LON:ENGI,ENGI.L,Equity Investment Instruments,ENGI,
ENTEQ UPSTREAM PLC,NTQ,LON:NTQ,NTQ.L,Oil Equipment & Services,NTQ,
ENTU (UK) PLC,ENTU,LON:ENTU,ENTU.L,General Retailers,ENTU,
EPE SPECIAL OPPORTUNITIES PLC,ESO,LON:ESO,ESO.L,Equity Investment Instruments,ESO,
EPWIN GROUP PLC,EPWN,LON:EPWN,EPWN.L,Construction & Materials,EPWN,
EQTEC PLC,EQT,LON:EQT,EQT.L,Electricity,EQT,
EQUATORIAL PALM OIL PLC,PAL,LON:PAL,PAL.L,Food Producers,PAL,
ERGOMED PLC,ERGO,LON:ERGO,ERGO.L,Pharmaceuticals & Biotechnology,ERGO,
ESCHER GROUP HOLDINGS PLC,ESCH,LON:ESCH,ESCH.L,Software & Computer Services,ESCH,
ESERVGLOBAL LD,ESG,LON:ESG,ESG.L,Software & Computer Services,ESG,
E-THERAPEUTICS PLC,ETX,LON:ETX,ETX.L,Pharmaceuticals & Biotechnology,ETX,
EURASIA MINING PLC,EUA,LON:EUA,EUA.L,Mining,EUA,
EUROPA OIL & GAS (HOLDINGS) PLC,EOG,LON:EOG,EOG.L,Oil & Gas Producers,EOG,
EUROPEAN METALS HOLDINGS LIMITED,EMH,LON:EMH,EMH.L,Industrial Metals,EMH,
EUROPEAN WEALTH GROUP LIMITED,EWG,LON:EWG,EWG.L,General Financial,EWG,
EU SUPPLY PLC,EUSP,LON:EUSP,EUSP.L,Software & Computer Services,EUSP,
EVERYMAN MEDIA GROUP PLC,EMAN,LON:EMAN,EMAN.L,Travel & Leisure,EMAN,
EVGEN PHARMA PLC,EVG,LON:EVG,EVG.L,Pharmaceuticals & Biotechnology,EVG,
EVR HOLDINGS PLC,EVRH,LON:EVRH,EVRH.L,Mobile Telecommunications,EVRH,
FAIRFX GROUP PLC,FFX,LON:FFX,FFX.L,General Financial,FFX,
FAIRPOINT GROUP PLC,FRP,LON:FRP,FRP.L,General Financial,FRP,
FALANX GROUP LIMITED,FLX,LON:FLX,FLX.L,Support Services,FLX,
FALCON OIL & GAS LTD.,FOG,LON:FOG,FOG.L,Oil & Gas Producers,FOG,
FAROE PETROLEUM PLC,FPM,LON:FPM,FPM.L,Oil & Gas Producers,FPM,
FARON PHARMACEUTICALS OY,FARN,LON:FARN,FARN.L,Pharmaceuticals & Biotechnology,FARN,
FASTFORWARD INNOVATIONS LIMITED,FFWD,LON:FFWD,FFWD.L,Equity Investment Instruments,FFWD,
FASTJET PLC,FJET,LON:FJET,FJET.L,Travel & Leisure,FJET,
FEEDBACK PLC,FDBK,LON:FDBK,FDBK.L,Electronic & Electrical Equipment,FDBK,
FERRUM CRESCENT LD,FCR,LON:FCR,FCR.L,Industrial Metals,FCR,
FEVERTREE DRINKS PLC,FEVR,LON:FEVR,FEVR.L,Beverages,FEVR,
FIH GROUP PLC,FIH,LON:FIH,FIH.L,Support Services,FIH,
FILTA GROUP HOLDINGS PLC,FLTA,LON:FLTA,FLTA.L,Support Services,FLTA,
FILTRONIC PLC,FTC,LON:FTC,FTC.L,Technology Hardware & Equipment,FTC,
FINSBURY FOOD GROUP PLC,FIF,LON:FIF,FIF.L,Food Producers,FIF,
FIRESTONE DIAMONDS PLC,FDI,LON:FDI,FDI.L,Mining,FDI,
FIRST DERIVATIVES PLC,FDP,LON:FDP,FDP.L,Software & Computer Services,FDP,
FIRST PROPERTY GROUP PLC,FPO,LON:FPO,FPO.L,General Financial,FPO,
FISHING REPUBLIC PLC,FISH,LON:FISH,FISH.L,Leisure Goods,FISH,
FITBUG HOLDINGS PLC,FITB,LON:FITB,FITB.L,Leisure Goods,FITB,
FLETCHER KING PLC,FLK,LON:FLK,FLK.L,Real Estate Investment & Services,FLK,
FLOWGROUP PLC,FLOW,LON:FLOW,FLOW.L,Electronic & Electrical Equipment,FLOW,
FLOWTECH FLUIDPOWER PLC,FLO,LON:FLO,FLO.L,Industrial Engineering,FLO,
FOCUSRITE PLC,TUNE,LON:TUNE,TUNE.L,Leisure Goods,TUNE,
FORBIDDEN TECHNOLOGIES PLC,FBT,LON:FBT,FBT.L,Software & Computer Services,FBT,
FOX MARBLE HOLDINGS PLC,FOX,LON:FOX,FOX.L,Construction & Materials,FOX,
FRANCHISE BRANDS PLC,FRAN,LON:FRAN,FRAN.L,General Retailers,FRAN,
FREEAGENT HOLDINGS PLC,FREE,LON:FREE,FREE.L,Software & Computer Services,FREE,
FRENKEL TOPPING GROUP PLC,FEN,LON:FEN,FEN.L,General Financial,FEN,
FRONTIER DEVELOPMENTS PLC,FDEV,LON:FDEV,FDEV.L,Leisure Goods,FDEV,
FRONTIER IP GROUP PLC,FIPP,LON:FIPP,FIPP.L,Support Services,FIPP,
FRONTIER SMART TECHNOLOGIES GRP LTD,FST,LON:FST,FST.L,Technology Hardware & Equipment,FST,
FULCRUM UTILITY SERVICES LD,FCRM,LON:FCRM,FCRM.L,"Gas, Water & Multiutilities",FCRM,
FUSIONEX INTERNATIONAL PLC,FXI,LON:FXI,FXI.L,Software & Computer Services,FXI,
FUTURA MEDICAL PLC,FUM,LON:FUM,FUM.L,Pharmaceuticals & Biotechnology,FUM,
GALANTAS GOLD CORPORATION,GAL,LON:GAL,GAL.L,Mining,GAL,
GALILEO RESOURCES PLC,GLR,LON:GLR,GLR.L,Mining,GLR,
GAMA AVIATION PLC,GMAA,LON:GMAA,GMAA.L,Industrial Transportation,GMAA,
GAMING REALMS PLC,GMR,LON:GMR,GMR.L,Travel & Leisure,GMR,
GAMMA COMMUNICATIONS PLC,GAMA,LON:GAMA,GAMA.L,Mobile Telecommunications,GAMA,
GAN PLC,GAN,LON:GAN,GAN.L,Software & Computer Services,GAN,
GATELEY (HOLDINGS) PLC,GTLY,LON:GTLY,GTLY.L,Support Services,GTLY,
GATTACA PLC,GATC,LON:GATC,GATC.L,Support Services,GATC,
GBGI LIMITED,GBGI,LON:GBGI,GBGI.L,Life Insurance,GBGI,
GB GROUP PLC,GBG,LON:GBG,GBG.L,Software & Computer Services,GBG,
GCM RESOURCES PLC,GCM,LON:GCM,GCM.L,Mining,GCM,
GEAR4MUSIC (HOLDINGS) PLC,G4M,LON:G4M,G4M.L,Leisure Goods,G4M,
GEMFIELDS PLC,GEM,LON:GEM,GEM.L,Mining,GEM,
GENEDRIVE PLC,GDR,LON:GDR,GDR.L,Pharmaceuticals & Biotechnology,GDR,
GEORGIAN MINING CORP,GEO,LON:GEO,GEO.L,Mining,GEO,
GETECH GROUP PLC,GTC,LON:GTC,GTC.L,Oil Equipment & Services,GTC,
GFINITY PLC,GFIN,LON:GFIN,GFIN.L,Media,GFIN,
GLI FINANCE LD,GLIF,LON:GLIF,GLIF.L,Equity Investment Instruments,GLIF,
GLOBALDATA PLC,DATA,LON:DATA,DATA.L,Media,DATA,
GLOBAL PETROLEUM LD,GBP,LON:GBP,GBP.L,Oil & Gas Producers,GBP,
GLOBALWORTH REAL ESTATE INVESTMENTS,GWI,LON:GWI,GWI.L,Real Estate Investment & Services,GWI,
GLOO NETWORKS PLC,GLOO,LON:GLOO,GLOO.L,Nonequity Investment Instruments,GLOO,
GOALS SOCCER CENTRES PLC,GOAL,LON:GOAL,GOAL.L,Travel & Leisure,GOAL,
GOLDEN SAINT RESOURCES LTD,GSR,LON:GSR,GSR.L,Mining,GSR,
GOLDPLAT PLC,GDP,LON:GDP,GDP.L,Mining,GDP,
GOLDSTONE RESOURCES LD,GRL,LON:GRL,GRL.L,Mining,GRL,
GOOCH & HOUSEGO PLC,GHH,LON:GHH,GHH.L,Electronic & Electrical Equipment,GHH,
GOOD ENERGY GROUP PLC,GOOD,LON:GOOD,GOOD.L,Electricity,GOOD,
GOTECH GROUP PLC,GOT,LON:GOT,GOT.L,Software & Computer Services,GOT,
GRAFENIA PLC,GRA,LON:GRA,GRA.L,Support Services,GRA,
GRAND GROUP INVESTMENT PLC,GIPO,LON:GIPO,GIPO.L,General Financial,GIPO,
GRAPHENE NANOCHEM PLC,GRPH,LON:GRPH,GRPH.L,Alternative Energy,GRPH,
GREATLAND GOLD PLC,GGP,LON:GGP,GGP.L,Mining,GGP,
GREAT WESTERN MINING CORP. PLC,GWMO,LON:GWMO,GWMO.L,Mining,GWMO,
GREEN & SMART HOLDINGS PLC,GSH,LON:GSH,GSH.L,Electricity,GSH,
GREKA DRILLING,GDL,LON:GDL,GDL.L,Oil Equipment & Services,GDL,
GRESHAM HOUSE PLC,GHE,LON:GHE,GHE.L,Equity Investment Instruments,GHE,
GRESHAM HOUSE STRATEGIC PLC,GHS,LON:GHS,GHS.L,Equity Investment Instruments,GHS,
GRIFFIN MINING LD,GFM,LON:GFM,GFM.L,Mining,GFM,
GULFSANDS PETROLEUM PLC,GPX,LON:GPX,GPX.L,Oil & Gas Producers,GPX,
GUNSYND PLC,GUN,LON:GUN,GUN.L,Pharmaceuticals & Biotechnology,GUN,
GUSBOURNE PLC,GUS,LON:GUS,GUS.L,Beverages,GUS,
HAGUE AND LONDON OIL PLC,HNL,LON:HNL,HNL.L,Oil & Gas Producers,HNL,
HAIKE CHEMICAL GROUP LD,HAIK,LON:HAIK,HAIK.L,Oil & Gas Producers,HAIK,
HALOSOURCE INC.,HALO,LON:HALO,HALO.L,Chemicals,HALO,
HARDIDE PLC,HDD,LON:HDD,HDD.L,Chemicals,HDD,
HARGREAVES SERVICES PLC,HSP,LON:HSP,HSP.L,Support Services,HSP,
HARVEST MINERALS LIMITED,HMI,LON:HMI,HMI.L,Mining,HMI,
HAVELOCK EUROPA PLC,HVE,LON:HVE,HVE.L,Household Goods,HVE,
HAYDALE GRAPHENE INDUSTRIES PLC,HAYD,LON:HAYD,HAYD.L,Chemicals,HAYD,
HAYWARD TYLER GROUP PLC,HAYT,LON:HAYT,HAYT.L,Industrial Engineering,HAYT,
HEATH(SAMUEL)& SONS PLC,HSM,LON:HSM,HSM.L,Construction & Materials,HSM,
HEAVITREE BREWERY PLC,HVTA,LON:HVTA,HVTA.L,Travel & Leisure,HVTA,
HELIOS UNDERWRITING PLC,HUW,LON:HUW,HUW.L,Nonlife Insurance,HUW,
HERENCIA RESOURCES PLC,HER,LON:HER,HER.L,Mining,HER,
HERMES PACIFIC INVESTMENTS PLC,HPAC,LON:HPAC,HPAC.L,Travel & Leisure,HPAC,
HIGHLAND GOLD MINING LD,HGM,LON:HGM,HGM.L,Mining,HGM,
HML HOLDINGS PLC,HMLH,LON:HMLH,HMLH.L,Real Estate Investment & Services,HMLH,
HOLDERS TECHNOLOGY PLC,HDT,LON:HDT,HDT.L,Electronic & Electrical Equipment,HDT,
HORIZON DISCOVERY GROUP PLC,HZD,LON:HZD,HZD.L,Pharmaceuticals & Biotechnology,HZD,
HORIZONTE MINERALS PLC,HZM,LON:HZM,HZM.L,Mining,HZM,
HORNBY PLC,HRN,LON:HRN,HRN.L,Leisure Goods,HRN,
HOTEL CHOCOLAT GROUP PLC,HOTC,LON:HOTC,HOTC.L,Food Producers,HOTC,
H&T GROUP PLC,HAT,LON:HAT,HAT.L,General Financial,HAT,
HUMMINGBIRD RESOURCES PLC,HUM,LON:HUM,HUM.L,Mining,HUM,
HUNTERS PROPERTY PLC,HUNT,LON:HUNT,HUNT.L,Real Estate Investment & Services,HUNT,
HURRICANE ENERGY PLC,HUR,LON:HUR,HUR.L,Oil & Gas Producers,HUR,
HUTCHISON CHINA MEDITECH LD,HCM,LON:HCM,HCM.L,Pharmaceuticals & Biotechnology,HCM,
HVIVO PLC,HVO,LON:HVO,HVO.L,Pharmaceuticals & Biotechnology,HVO,
HYDRODEC GROUP PLC,HYR,LON:HYR,HYR.L,Alternative Energy,HYR,
HYDROGEN GROUP PLC,HYDG,LON:HYDG,HYDG.L,Support Services,HYDG,
IDEAGEN PLC,IDEA,LON:IDEA,IDEA.L,Software & Computer Services,IDEA,
IDOX PLC,IDOX,LON:IDOX,IDOX.L,Software & Computer Services,IDOX,
IENERGIZER LD,IBPO,LON:IBPO,IBPO.L,Support Services,IBPO,
IGAS ENERGY PLC,IGAS,LON:IGAS,IGAS.L,Oil & Gas Producers,IGAS,
IG DESIGN GROUP PLC,IGR,LON:IGR,IGR.L,Household Goods,IGR,
ILIKA PLC,IKA,LON:IKA,IKA.L,Alternative Energy,IKA,
IMAGE SCAN HOLDINGS PLC,IGE,LON:IGE,IGE.L,Electronic & Electrical Equipment,IGE,
IMAGINATIK PLC,IMTK,LON:IMTK,IMTK.L,Software & Computer Services,IMTK,
IMIMOBILE PLC,IMO,LON:IMO,IMO.L,Software & Computer Services,IMO,
IMMEDIA GROUP PLC,IME,LON:IME,IME.L,Media,IME,
IMMUNODIAGNOSTIC SYSTEMS HLDGS PLC,IDH,LON:IDH,IDH.L,Health Care Equipment & Services,IDH,
IMMUPHARMA PLC,IMM,LON:IMM,IMM.L,Pharmaceuticals & Biotechnology,IMM,
IMPAX ASSET MANAGEMENT GROUP PLC,IPX,LON:IPX,IPX.L,General Financial,IPX,
IMPELLAM GROUP PLC,IPEL,LON:IPEL,IPEL.L,Support Services,IPEL,
INDEPENDENT OIL & GAS PLC,IOG,LON:IOG,IOG.L,Oil & Gas Producers,IOG,
INDEPENDENT RESOURCES PLC,IRG,LON:IRG,IRG.L,Oil & Gas Producers,IRG,
INDIA CAPITAL GROWTH FUND LD,IGC,LON:IGC,IGC.L,Equity Investment Instruments,IGC,
INDIGOVISION GROUP PLC,IND,LON:IND,IND.L,Software & Computer Services,IND,
INDUS GAS LD,INDI,LON:INDI,INDI.L,Oil & Gas Producers,INDI,
INFINITY ENERGY S.A,INFT,LON:INFT,INFT.L,General Financial,INFT,
INFRASTRATA PLC,INFA,LON:INFA,INFA.L,"Gas, Water & Multiutilities",INFA,
INFRASTRUCTURE INDIA PLC,IIP,LON:IIP,IIP.L,Equity Investment Instruments,IIP,
INGENTA PLC,ING,LON:ING,ING.L,Software & Computer Services,ING,
INLAND HOMES PLC,INL,LON:INL,INL.L,Real Estate Investment & Services,INL,
INSPIRATION HEALTHCARE GROUP PLC,IHC,LON:IHC,IHC.L,Health Care Equipment & Services,IHC,
INSPIRED ENERGY PLC,INSE,LON:INSE,INSE.L,Support Services,INSE,
INSPIRIT ENERGY HOLDINGS PLC,INSP,LON:INSP,INSP.L,Construction & Materials,INSP,
INSTEM  PLC,INS,LON:INS,INS.L,Software & Computer Services,INS,
INTEGUMEN PLC,SKIN,LON:SKIN,SKIN.L,Personal Goods,SKIN,
INTERCEDE GROUP PLC,IGP,LON:IGP,IGP.L,Software & Computer Services,IGP,
INTERQUEST GROUP PLC,ITQ,LON:ITQ,ITQ.L,Support Services,ITQ,
IOFINA PLC,IOF,LON:IOF,IOF.L,Oil & Gas Producers,IOF,
IOMART GROUP PLC,IOM,LON:IOM,IOM.L,Software & Computer Services,IOM,
IQE PLC,IQE,LON:IQE,IQE.L,Technology Hardware & Equipment,IQE,
IRONRIDGE RESOURCES LIMITED,IRR,LON:IRR,IRR.L,Industrial Metals,IRR,
IRONVELD PLC,IRON,LON:IRON,IRON.L,Industrial Metals,IRON,
ITACONIX PLC,ITX,LON:ITX,ITX.L,Chemicals,ITX,
ITHACA ENERGY INC,IAE,LON:IAE,IAE.L,Oil & Gas Producers,IAE,
ITM POWER PLC,ITM,LON:ITM,ITM.L,Alternative Energy,ITM,
IXICO PLC,IXI,LON:IXI,IXI.L,Pharmaceuticals & Biotechnology,IXI,
JAMES HALSTEAD PLC,JHD,LON:JHD,JHD.L,Construction & Materials,JHD,
JARVIS SECURITIES PLC,JIM,LON:JIM,JIM.L,General Financial,JIM,
JAYWING PLC,JWNG,LON:JWNG,JWNG.L,Media,JWNG,
JERSEY OIL AND GAS PLC,JOG,LON:JOG,JOG.L,Oil & Gas Producers,JOG,
JOHN LEWIS OF HUNGERFORD PLC,JLH,LON:JLH,JLH.L,Household Goods,JLH,
JOHNSON SERVICE GROUP PLC,JSG,LON:JSG,JSG.L,Support Services,JSG,
JOULES GROUP PLC,JOUL,LON:JOUL,JOUL.L,General Retailers,JOUL,
JUBILEE PLATINUM PLC,JLP,LON:JLP,JLP.L,Mining,JLP,
JUDGES SCIENTIFIC PLC,JDG,LON:JDG,JDG.L,Electronic & Electrical Equipment,JDG,
JUPITER ENERGY LIMITED,JPRL,LON:JPRL,JPRL.L,Oil & Gas Producers,JPRL,
JURIDICA INVESTMENTS LD,JIL,LON:JIL,JIL.L,Equity Investment Instruments,JIL,
K3 BUSINESS TECHNOLOGY GROUP PLC,KBT,LON:KBT,KBT.L,Software & Computer Services,KBT,
K3 CAPITAL GROUP PLC,K3C,LON:K3C,K3C.L,Support Services,K3C,
KALIBRATE TECHNOLOGIES PLC,KLBT,LON:KLBT,KLBT.L,Software & Computer Services,KLBT,
KARELIAN DIAMOND RESOURCES PLC,KDR,LON:KDR,KDR.L,Mining,KDR,
K&C REIT PLC ,KCR,LON:KCR,KCR.L,Real Estate Investment Trusts,KCR,
KEFI MINERALS PLC,KEFI,LON:KEFI,KEFI.L,Mining,KEFI,
KELLAN GROUP (THE) PLC,KLN,LON:KLN,KLN.L,Support Services,KLN,
KEMIN RESOURCES PLC,KEM,LON:KEM,KEM.L,Mining,KEM,
KENNEDY VENTURES PLC,KENV,LON:KENV,KENV.L,Support Services,KENV,
KERAS RESOURCES PLC,KRS,LON:KRS,KRS.L,Industrial Metals,KRS,
KEYWORDS STUDIOS PLC,KWS,LON:KWS,KWS.L,Support Services,KWS,
KIBO MINING PLC,KIBO,LON:KIBO,KIBO.L,Mining,KIBO,
KIMBERLY ENTERPRISES N.V.,KBE,LON:KBE,KBE.L,Real Estate Investment & Services,KBE,
KODAL MINERALS PLC,KOD,LON:KOD,KOD.L,Mining,KOD,
KOOVS PLC,KOOV,LON:KOOV,KOOV.L,General Retailers,KOOV,
KROMEK GROUP PLC,KMK,LON:KMK,KMK.L,Health Care Equipment & Services,KMK,
KUBERA CROSS-BORDER FUND LD,KUBC,LON:KUBC,KUBC.L,Equity Investment Instruments,KUBC,
LANDORE RESOURCES LD,LND,LON:LND,LND.L,Mining,LND,
LANSDOWNE OIL & GAS PLC,LOGP,LON:LOGP,LOGP.L,Oil & Gas Producers,LOGP,
LATHAM(JAMES) PLC,LTHM,LON:LTHM,LTHM.L,Support Services,LTHM,
LEAF CLEAN ENERGY COMPANY,LEAF,LON:LEAF,LEAF.L,General Financial,LEAF,
LEARNING TECHNOLOGIES GROUP PLC,LTG,LON:LTG,LTG.L,Support Services,LTG,
LEEDS GROUP PLC,LDSG,LON:LDSG,LDSG.L,General Financial,LDSG,
LEGENDARY INVESTMENTS PLC,LEG,LON:LEG,LEG.L,General Financial,LEG,
LEKOIL LIMITED,LEK,LON:LEK,LEK.L,Oil & Gas Producers,LEK,
LGO ENERGY PLC,LGO,LON:LGO,LGO.L,Oil & Gas Producers,LGO,
LIDCO GROUP PLC,LID,LON:LID,LID.L,Health Care Equipment & Services,LID,
LIGHTHOUSE GROUP PLC,LGT,LON:LGT,LGT.L,General Financial,LGT,
LIGHTWAVERF PLC,LWRF,LON:LWRF,LWRF.L,Leisure Goods,LWRF,
LIMITLESS EARTH PLC,LME,LON:LME,LME.L,General Financial,LME,
LIONSGOLD LIMITED,LION,LON:LION,LION.L,Mining,LION,
LIVERMORE INVESTMENTS GROUP LD,LIV,LON:LIV,LIV.L,General Financial,LIV,
LOK'N STORE GROUP PLC,LOK,LON:LOK,LOK.L,Real Estate Investment & Services,LOK,
LOMBARD RISK MANAGEMENT PLC,LRM,LON:LRM,LRM.L,Software & Computer Services,LRM,
LONDON CAPITAL GROUP HLDGS PLC,LCG,LON:LCG,LCG.L,General Financial,LCG,
LONDON SECURITY PLC,LSC,LON:LSC,LSC.L,Support Services,LSC,
LOOPUP GROUP PLC,LOOP,LON:LOOP,LOOP.L,Software & Computer Services,LOOP,
LPA GROUP PLC,LPA,LON:LPA,LPA.L,Electronic & Electrical Equipment,LPA,
LUDGATE ENVIRONMENTAL FD LD,LEF,LON:LEF,LEF.L,Equity Investment Instruments,LEF,
LXB RETAIL PROPERTIES PLC,LXB,LON:LXB,LXB.L,Real Estate Investment & Services,LXB,
MAGNOLIA PETROLEUM PLC,MAGP,LON:MAGP,MAGP.L,Oil & Gas Producers,MAGP,
MAINTEL HOLDINGS PLC,MAI,LON:MAI,MAI.L,Support Services,MAI,
MAJESTIC WINE PLC,WINE,LON:WINE,WINE.L,General Retailers,WINE,
MALVERN INTERNATIONAL PLC,MLVN,LON:MLVN,MLVN.L,Support Services,MLVN,
MANX FINANCIAL GROUP PLC,MFX,LON:MFX,MFX.L,General Financial,MFX,
MANX TELECOM PLC,MANX,LON:MANX,MANX.L,Fixed Line Telecommunications,MANX,
MARECHALE CAPITAL PLC,MAC,LON:MAC,MAC.L,General Financial,MAC,
MARIANA RESOURCES LD,MARL,LON:MARL,MARL.L,Mining,MARL,
MARLOWE PLC,MRL,LON:MRL,MRL.L,Support Services,MRL,
MARSHALL MOTOR HOLDINGS PLC,MMH,LON:MMH,MMH.L,General Retailers,MMH,
MASAWARA PLC,MASA,LON:MASA,MASA.L,General Financial,MASA,
MATTIOLI WOODS PLC,MTW,LON:MTW,MTW.L,General Financial,MTW,
MAXCYTE INC,MXCT,LON:MXCT,MXCT.L,Pharmaceuticals & Biotechnology,MXCT,
MAYAIR GROUP PLC,MAYA,LON:MAYA,MAYA.L,Industrial Engineering,MAYA,
MAYAN ENERGY LIMITED,MYN,LON:MYN,MYN.L,Oil & Gas Producers,MYN,
MAYAN ENERGY LIMITED,MYN,LON:MYN,MYN.L,Oil & Gas Producers,MYN,
MBL GROUP PLC,MUBL,LON:MUBL,MUBL.L,Media,MUBL,
M&C SAATCHI PLC,SAA,LON:SAA,SAA.L,Media,SAA,
MEDAPHOR GROUP PLC,MED,LON:MED,MED.L,Health Care Equipment & Services,MED,
MEDIAZEST PLC,MDZ,LON:MDZ,MDZ.L,Media,MDZ,
MEDILINK-GLOBAL UK LD,MEDI,LON:MEDI,MEDI.L,Support Services,MEDI,
MERCANTILE PORTS & LOGISTICS LTD,MPL,LON:MPL,MPL.L,Industrial Transportation,MPL,
MERCIA TECHNOLOGIES PLC,MERC,LON:MERC,MERC.L,General Financial,MERC,
MEREO BIOPHARMA GROUP PLC,MPH,LON:MPH,MPH.L,Pharmaceuticals & Biotechnology,MPH,
METALS EXPLORATION PLC,MTL,LON:MTL,MTL.L,Mining,MTL,
METAL TIGER PLC,MTR,LON:MTR,MTR.L,General Financial,MTR,
METMINCO LD,MNC,LON:MNC,MNC.L,Mining,MNC,
MICHELMERSH BRICK HLDGS PLC,MBH,LON:MBH,MBH.L,Construction & Materials,MBH,
MICROSAIC SYSTEMS PLC,MSYS,LON:MSYS,MSYS.L,Electronic & Electrical Equipment,MSYS,
MIDATECH PHARMA PLC,MTPH,LON:MTPH,MTPH.L,Pharmaceuticals & Biotechnology,MTPH,
MIDWICH GROUP PLC,MIDW,LON:MIDW,MIDW.L,Support Services,MIDW,
MILESTONE GROUP PLC,MSG,LON:MSG,MSG.L,Media,MSG,
MINCON GROUP PLC,MCON,LON:MCON,MCON.L,Industrial Engineering,MCON,
MINCO PLC,MIO,LON:MIO,MIO.L,Mining,MIO,
MINDS + MACHINES GROUP LD,MMX,LON:MMX,MMX.L,Media,MMX,
MINERAL & FINANCIAL INVESTMENTS LD,MAFL,LON:MAFL,MAFL.L,General Financial,MAFL,
MINOAN GROUP PLC,MIN,LON:MIN,MIN.L,Travel & Leisure,MIN,
MI-PAY GROUP PLC,MPAY,LON:MPAY,MPAY.L,Support Services,MPAY,
MIRADA PLC,MIRA,LON:MIRA,MIRA.L,Media,MIRA,
MITON GROUP PLC,MGR,LON:MGR,MGR.L,General Financial,MGR,
MKANGO RESOURCES LTD,MKA,LON:MKA,MKA.L,Mining,MKA,
MOBILE STREAMS PLC,MOS,LON:MOS,MOS.L,Mobile Telecommunications,MOS,
MOBILE TORNADO GROUP PLC,MBT,LON:MBT,MBT.L,Mobile Telecommunications,MBT,
MOBILITYONE LD,MBO,LON:MBO,MBO.L,Support Services,MBO,
MODERN WATER PLC,MWG,LON:MWG,MWG.L,"Gas, Water & Multiutilities",MWG,
MOLINS PLC,MLIN,LON:MLIN,MLIN.L,Industrial Engineering,MLIN,
MONCHHICHI PLC,MCC,LON:MCC,MCC.L,Oil & Gas Producers,MCC,
MONITISE PLC,MONI,LON:MONI,MONI.L,Mobile Telecommunications,MONI,
MORSES CLUB PLC,MCL,LON:MCL,MCL.L,General Financial,MCL,
MORTGAGE ADVICE BUREAU (HLDGS) PLC,MAB1,LON:MAB1,MAB1.L,General Financial,MAB1,
MORTICE LD,MORT,LON:MORT,MORT.L,Support Services,MORT,
MOSMAN OIL AND GAS LIMITED,MSMN,LON:MSMN,MSMN.L,Oil & Gas Producers,MSMN,
MOTIF BIO PLC,MTFB,LON:MTFB,MTFB.L,Pharmaceuticals & Biotechnology,MTFB,
MOUNTFIELD GROUP PLC,MOGP,LON:MOGP,MOGP.L,Construction & Materials,MOGP,
M. P. EVANS GROUP PLC,MPE,LON:MPE,MPE.L,Food Producers,MPE,
MPORIUM GROUP PLC,MPM,LON:MPM,MPM.L,Software & Computer Services,MPM,
MS INTERNATIONAL PLC,MSI,LON:MSI,MSI.L,Industrial Engineering,MSI,
MTI WIRELESS EDGE LD,MWE,LON:MWE,MWE.L,Technology Hardware & Equipment,MWE,
MULBERRY GROUP PLC,MUL,LON:MUL,MUL.L,Personal Goods,MUL,
MURGITROYD GROUP PLC,MUR,LON:MUR,MUR.L,Support Services,MUR,
M WINKWORTH PLC,WINK,LON:WINK,WINK.L,Real Estate Investment & Services,WINK,
MXC CAPITAL LIMITED,MXCP,LON:MXCP,MXCP.L,General Financial,MXCP,
MX OIL PLC,MXO,LON:MXO,MXO.L,Oil & Gas Producers,MXO,
MYANMAR INV INTERNATIONAL LD,MIL,LON:MIL,MIL.L,General Financial,MIL,
MYCELX TECHNOLOGIES CORPORATION,MYX,LON:MYX,MYX.L,Oil Equipment & Services,MYX,
MYSALE GROUP PLC,MYSL,LON:MYSL,MYSL.L,General Retailers,MYSL,
MYSQUAR LIMITED ,MYSQ,LON:MYSQ,MYSQ.L,Software & Computer Services,MYSQ,
MYTRAH ENERGY LD,MYT,LON:MYT,MYT.L,Electricity,MYT,
NAHL GROUP PLC,NAH,LON:NAH,NAH.L,Media,NAH,
NAKAMA GROUP PLC,NAK,LON:NAK,NAK.L,Support Services,NAK,
NASSTAR PLC,NASA,LON:NASA,NASA.L,Software & Computer Services,NASA,
NATURE GROUP PLC,NGR,LON:NGR,NGR.L,Support Services,NGR,
NAUTILUS MARINE SERVICES PLC,NAUT,LON:NAUT,NAUT.L,Oil Equipment & Services,NAUT,
NCONDEZI ENERGY LD,NCCL,LON:NCCL,NCCL.L,Mining,NCCL,
NEKTAN PLC,NKTN,LON:NKTN,NKTN.L,Travel & Leisure,NKTN,
NETCALL PLC,NET,LON:NET,NET.L,Software & Computer Services,NET,
NETDIMENSIONS (HOLDINGS) LD,NETD,LON:NETD,NETD.L,Software & Computer Services,NETD,
NETSCIENTIFIC PLC,NSCI,LON:NSCI,NSCI.L,Health Care Equipment & Services,NSCI,
NEWMARK SECURITY PLC,NWT,LON:NWT,NWT.L,Support Services,NWT,
NEXT FIFTEEN COMMUNICATIONS GRP PLC,NFC,LON:NFC,NFC.L,Media,NFC,
NICHOLS PLC,NICL,LON:NICL,NICL.L,Beverages,NICL,
NIGHTHAWK ENERGY PLC,HAWK,LON:HAWK,HAWK.L,Oil & Gas Producers,HAWK,
NORISH PLC,NSH,LON:NSH,NSH.L,Support Services,NSH,
NORMAN BROADBENT PLC,NBB,LON:NBB,NBB.L,Support Services,NBB,
NORTHAMBER PLC,NAR,LON:NAR,NAR.L,Technology Hardware & Equipment,NAR,
NORTHBRIDGE INDUSTRIAL SERVICES PLC,NBI,LON:NBI,NBI.L,Industrial Engineering,NBI,
NORTHERN BEAR PLC,NTBR,LON:NTBR,NTBR.L,Support Services,NTBR,
NORTHERN PETROLEUM PLC,NOP,LON:NOP,NOP.L,Oil & Gas Producers,NOP,
NOSTRA TERRA OIL & GAS COMPANY PLC,NTOG,LON:NTOG,NTOG.L,Oil & Gas Producers,NTOG,
NUMIS CORPORATION PLC,NUM,LON:NUM,NUM.L,General Financial,NUM,
NU-OIL AND GAS PLC,NUOG,LON:NUOG,NUOG.L,Oil & Gas Producers,NUOG,
NWF GROUP PLC,NWF,LON:NWF,NWF.L,Support Services,NWF,
NYOTA MINERALS LD,NYO,LON:NYO,NYO.L,Mining,NYO,
OAKLEY CAPITAL INVESTMENTS LD,OCL,LON:OCL,OCL.L,General Financial,OCL,
OBTALA LIMITED,OBT,LON:OBT,OBT.L,Food & Drug Retailers,OBT,
OCTAGONAL PLC,OCT,LON:OCT,OCT.L,Electronic & Electrical Equipment,OCT,
OILEX LD,OEX,LON:OEX,OEX.L,Oil & Gas Producers,OEX,
OMEGA DIAGNOSTICS GROUP PLC,ODX,LON:ODX,ODX.L,Health Care Equipment & Services,ODX,
ONCIMMUNE HOLDINGS PLC,ONC,LON:ONC,ONC.L,Pharmaceuticals & Biotechnology,ONC,
ONE MEDIA IP GROUP PLC,OMIP,LON:OMIP,OMIP.L,Media,OMIP,
ONEVIEW GROUP PLC,ONEV,LON:ONEV,ONEV.L,Software & Computer Services,ONEV,
ON-LINE PLC,ONL,LON:ONL,ONL.L,Software & Computer Services,ONL,
OPG POWER VENTURES PLC,OPG,LON:OPG,OPG.L,Electricity,OPG,
OPTIBIOTIX HEALTH PLC,OPTI,LON:OPTI,OPTI.L,Pharmaceuticals & Biotechnology,OPTI,
ORACLE COALFIELDS PLC,ORCP,LON:ORCP,ORCP.L,Mining,ORCP,
ORCHARD FUNDING GROUP PLC,ORCH,LON:ORCH,ORCH.L,General Financial,ORCH,
ORIGIN ENTERPRISES PLC,OGN,LON:OGN,OGN.L,Food Producers,OGN,
ORIGO PARTNERS PLC,OPPP,LON:OPPP,OPPP.L,,OPPP,
ORIGO PARTNERS PLC,OPP,LON:OPP,OPP.L,General Financial,OPP,
ORMONDE MINING PLC,ORM,LON:ORM,ORM.L,Mining,ORM,
OROGEN GOLD PLC,ORE,LON:ORE,ORE.L,Mining,ORE,
OROGEN PLC,ORE,LON:ORE,ORE.L,Mining,ORE,
OROSUR MINING INC,OMI,LON:OMI,OMI.L,Mining,OMI,
ORTAC RESOURCES LIMITED,OTC,LON:OTC,OTC.L,Mining,OTC,
OSIRIUM TECHNOLOGIES PLC,OSI,LON:OSI,OSI.L,Software & Computer Services,OSI,
OTTOMAN FUND LD (THE),OTM,LON:OTM,OTM.L,Equity Investment Instruments,OTM,
OVOCA GOLD PLC,OVG,LON:OVG,OVG.L,Mining,OVG,
OXFORD BIODYNAMICS PLC,OBD,LON:OBD,OBD.L,Pharmaceuticals & Biotechnology,OBD,
OXFORD METRICS PLC,OMG,LON:OMG,OMG.L,Software & Computer Services,OMG,
OXFORD PHARMASCIENCE GROUP PLC,OXP,LON:OXP,OXP.L,Pharmaceuticals & Biotechnology,OXP,
PACIFIC ALLIANCE CHINA LAND LD,PACL,LON:PACL,PACL.L,Equity Investment Instruments,PACL,
PACIFIC INDUSTRIAL & LOGISTICS REIT,PILR,LON:PILR,PILR.L,Real Estate Investment Trusts,PILR,
PALACE CAPITAL PLC,PCA,LON:PCA,PCA.L,Real Estate Investment & Services,PCA,
PAN AFRICAN RESOURCES PLC,PAF,LON:PAF,PAF.L,Mining,PAF,
PANMURE GORDON & CO. PLC,PMR,LON:PMR,PMR.L,General Financial,PMR,
PANTHEON RESOURCES PLC,PANR,LON:PANR,PANR.L,Oil & Gas Producers,PANR,
PANTHER SECURITIES PLC,PNS,LON:PNS,PNS.L,Real Estate Investment & Services,PNS,
PAPUA MINING PLC,PML,LON:PML,PML.L,Mining,PML,
PARAGON ENTERTAINMENT LD,PEL,LON:PEL,PEL.L,Travel & Leisure,PEL,
PARALLEL MEDIA GROUP PLC,PAA,LON:PAA,PAA.L,Media,PAA,
PARITY GROUP PLC,PTY,LON:PTY,PTY.L,Software & Computer Services,PTY,
PARK GROUP PLC,PKG,LON:PKG,PKG.L,General Financial,PKG,
PARKMEAD GROUP (THE) PLC,PMG,LON:PMG,PMG.L,Oil & Gas Producers,PMG,
PATAGONIA GOLD PLC,PGD,LON:PGD,PGD.L,Mining,PGD,
PATERNOSTER RESOURCES PLC,PRS,LON:PRS,PRS.L,Personal Goods,PRS,
PATHFINDER MINERALS PLC,PFP,LON:PFP,PFP.L,Mining,PFP,
PATISSERIE HOLDINGS PLC,CAKE,LON:CAKE,CAKE.L,Travel & Leisure,CAKE,
PCG ENTERTAINMENT PLC,PCGE,LON:PCGE,PCGE.L,Travel & Leisure,PCGE,
PCI-PAL PLC,PCIP,LON:PCIP,PCIP.L,Support Services,PCIP,
PEBBLE BEACH SYSTEMS GROUP PLC,PEB,LON:PEB,PEB.L,Technology Hardware & Equipment,PEB,
PEEL HOTELS PLC,PHO,LON:PHO,PHO.L,Travel & Leisure,PHO,
PEMBRIDGE RESOURCES PLC,PERE,LON:PERE,PERE.L,Mining,PERE,
PENNANT INTERNATIONAL GROUP PLC,PEN,LON:PEN,PEN.L,Software & Computer Services,PEN,
PEOPLE'S OPERATOR PLC (THE),TPOP,LON:TPOP,TPOP.L,Mobile Telecommunications,TPOP,
PERSONAL GROUP HOLDINGS PLC,PGH,LON:PGH,PGH.L,Nonlife Insurance,PGH,
PETARDS GROUP PLC,PEG,LON:PEG,PEG.L,Support Services,PEG,
PETREL RESOURCES PLC,PET,LON:PET,PET.L,Oil & Gas Producers,PET,
PETRO MATAD LD,MATD,LON:MATD,MATD.L,Oil & Gas Producers,MATD,
PETRONEFT RESOURCES PLC,PTR,LON:PTR,PTR.L,Oil & Gas Producers,PTR,
PHOTONSTAR LED GROUP PLC,PSL,LON:PSL,PSL.L,Household Goods,PSL,
PHSC PLC,PHSC,LON:PHSC,PHSC.L,Support Services,PHSC,
PHYSIOMICS PLC,PYC,LON:PYC,PYC.L,Health Care Equipment & Services,PYC,
PIPEHAWK PLC,PIP,LON:PIP,PIP.L,Electronic & Electrical Equipment,PIP,
PIRES INVESTMENTS PLC,PIRI,LON:PIRI,PIRI.L,Real Estate Investment & Services,PIRI,
PITTARDS PLC,PTD,LON:PTD,PTD.L,Personal Goods,PTD,
PLANT HEALTH CARE PLC,PHC,LON:PHC,PHC.L,Chemicals,PHC,
PLANT IMPACT PLC,PIM,LON:PIM,PIM.L,Chemicals,PIM,
PLASTICS CAPITAL PLC,PLA,LON:PLA,PLA.L,Chemicals,PLA,
PLEXUS HOLDINGS PLC,POS,LON:POS,POS.L,Oil Equipment & Services,POS,
PLUS500 LTD,PLUS,LON:PLUS,PLUS.L,General Financial,PLUS,
PLUTUS POWERGEN PLC,PPG,LON:PPG,PPG.L,General Financial,PPG,
PME AFRICAN INFRASTRUCTURE OPP. PLC,PMEA,LON:PMEA,PMEA.L,General Financial,PMEA,
POLAR CAPITAL HOLDINGS PLC,POLR,LON:POLR,POLR.L,General Financial,POLR,
POLEMOS PLC,PLMO,LON:PLMO,PLMO.L,General Financial,PLMO,
POLO RESOURCES LD,POL,LON:POL,POL.L,General Financial,POL,
PORTA COMMUNICATIONS PLC,PTCM,LON:PTCM,PTCM.L,Media,PTCM,
PORT ERIN BIOPHARMA INVESTMENTS LD,PEBI,LON:PEBI,PEBI.L,Pharmaceuticals & Biotechnology,PEBI,
PORTMEIRION GROUP PLC,PMP,LON:PMP,PMP.L,Household Goods,PMP,
POWERHOUSE ENERGY GROUP PLC,PHE,LON:PHE,PHE.L,Alternative Energy,PHE,
PREMAITHA HEALTH PLC,NIPT,LON:NIPT,NIPT.L,Pharmaceuticals & Biotechnology,NIPT,
PREMIER AFRICAN MINERALS LIMITED,PREM,LON:PREM,PREM.L,Mining,PREM,
PREMIER ASSET MANAGEMENT GROUP PLC,PAM,LON:PAM,PAM.L,General Financial,PAM,
PREMIER TECHNICAL SERVICES GRP PLC,PTSG,LON:PTSG,PTSG.L,Support Services,PTSG,
PRESIDENT ENERGY PLC,PPC,LON:PPC,PPC.L,Oil & Gas Producers,PPC,
PRESSURE TECHNOLOGIES PLC,PRES,LON:PRES,PRES.L,Industrial Engineering,PRES,
PRIME PEOPLE PLC,PRP,LON:PRP,PRP.L,Support Services,PRP,
PRIMORUS INVESTMENTS PLC,PRIM,LON:PRIM,PRIM.L,Media,PRIM,
PRIVATE & COMMERCIAL FIN GROUP PLC,PCF,LON:PCF,PCF.L,General Financial,PCF,
PROACTIS HOLDINGS PLC,PHD,LON:PHD,PHD.L,Software & Computer Services,PHD,
PRODUCE INVESTMENTS PLC,PIL,LON:PIL,PIL.L,Food Producers,PIL,
PROGILITY PLC,PGY,LON:PGY,PGY.L,Software & Computer Services,PGY,
PROPERTY FRANCHISE GROUP PLC (THE),TPFG,LON:TPFG,TPFG.L,Real Estate Investment & Services,TPFG,
PROPHOTONIX LD,PPIX,LON:PPIX,PPIX.L,Electronic & Electrical Equipment,PPIX,
PROSPEX OIL AND GAS PLC,PXOG,LON:PXOG,PXOG.L,Mining,PXOG,
PROTEOME SCIENCES PLC,PRM,LON:PRM,PRM.L,Pharmaceuticals & Biotechnology,PRM,
PROTON POWER SYSTEMS PLC,PPS,LON:PPS,PPS.L,Alternative Energy,PPS,
PROVEXIS PLC,PXS,LON:PXS,PXS.L,Food Producers,PXS,
PROVIDENCE RESOURCES PLC,PVR,LON:PVR,PVR.L,Oil & Gas Producers,PVR,
PROXAMA PLC,PROX,LON:PROX,PROX.L,Software & Computer Services,PROX,
PUBLIC SERVICE PROPERTIES INV. LD,PSPI,LON:PSPI,PSPI.L,Real Estate Investment & Services,PSPI,
PURPLEBRICKS GROUP PLC,PURP,LON:PURP,PURP.L,Real Estate Investment & Services,PURP,
QUADRISE FUELS INTERNATIONAL PLC,QFI,LON:QFI,QFI.L,Oil & Gas Producers,QFI,
QUARTIX HOLDINGS PLC,QTX,LON:QTX,QTX.L,Software & Computer Services,QTX,
QUIXANT PLC,QXT,LON:QXT,QXT.L,Technology Hardware & Equipment,QXT,
RAMBLER METALS & MINING PLC,RMM,LON:RMM,RMM.L,Mining,RMM,
RAMSDENS HOLDINGS PLC,RFX,LON:RFX,RFX.L,General Financial,RFX,
RANDALL & QUILTER INVEST. HLDGS LD,RQIH,LON:RQIH,RQIH.L,Nonlife Insurance,RQIH,
RASMALA PLC,RMA,LON:RMA,RMA.L,General Financial,RMA,
REABOLD RESOURCES PLC,RBD,LON:RBD,RBD.L,General Financial,RBD,
REACH4ENTERTAINMENT ENTERPRISES PLC,R4E,LON:R4E,R4E.L,Media,R4E,
REACT GROUP PLC,REAT,LON:REAT,REAT.L,General Financial,REAT,
REAL ESTATE INVESTORS PLC,RLE,LON:RLE,RLE.L,Real Estate Investment Trusts,RLE,
REAL GOOD FOOD PLC,RGD,LON:RGD,RGD.L,Food Producers,RGD,
REALM THERAPEUTICS PLC,RLM,LON:RLM,RLM.L,Health Care Equipment & Services,RLM,
RECONSTRUCTION CAPITAL II LD,RC2,LON:RC2,RC2.L,Equity Investment Instruments,RC2,
REDCENTRIC PLC,RCN,LON:RCN,RCN.L,Software & Computer Services,RCN,
REDDE PLC,REDD,LON:REDD,REDD.L,General Financial,REDD,
RED EMPEROR RESOURCES NL,RMP,LON:RMP,RMP.L,Oil & Gas Producers,RMP,
REDHALL GROUP PLC,RHL,LON:RHL,RHL.L,Support Services,RHL,
RED LEOPARD HOLDINGS PLC,RLH,LON:RLH,RLH.L,General Financial,RLH,
RED ROCK RESOURCES PLC,RRR,LON:RRR,RRR.L,Mining,RRR,
REDSTONECONNECT PLC,REDS,LON:REDS,REDS.L,Software & Computer Services,REDS,
REDT ENERGY PLC,RED,LON:RED,RED.L,Support Services,RED,
REDX PHARMA PLC,REDX,LON:REDX,REDX.L,Pharmaceuticals & Biotechnology,REDX,
REGAL PETROLEUM PLC,RPT,LON:RPT,RPT.L,Oil & Gas Producers,RPT,
REGENCY MINES PLC,RGM,LON:RGM,RGM.L,Mining,RGM,
RENEURON GROUP PLC,RENE,LON:RENE,RENE.L,Pharmaceuticals & Biotechnology,RENE,
RENEW HOLDINGS PLC,RNWH,LON:RNWH,RNWH.L,Support Services,RNWH,
RESTORE PLC,RST,LON:RST,RST.L,Support Services,RST,
REX BIONICS PLC,RXB,LON:RXB,RXB.L,Health Care Equipment & Services,RXB,
RHYTHMONE PLC,RTHM,LON:RTHM,RTHM.L,Software & Computer Services,RTHM,
RICHLAND RESOURCES LD,RLD,LON:RLD,RLD.L,Mining,RLD,
RICHOUX GROUP PLC,RIC,LON:RIC,RIC.L,Travel & Leisure,RIC,
RM2 INTERNATIONAL S.A.,RM2,LON:RM2,RM2.L,General Industrials,RM2,
ROBINSON PLC,RBN,LON:RBN,RBN.L,General Industrials,RBN,
ROCKHOPPER EXPLORATION PLC,RKH,LON:RKH,RKH.L,Oil & Gas Producers,RKH,
ROSE PETROLEUM PLC,ROSE,LON:ROSE,ROSE.L,Oil & Gas Producers,ROSE,
ROSSLYN DATA TECHNOLOGIES PLC,RDT,LON:RDT,RDT.L,Software & Computer Services,RDT,
ROTALA PLC,ROL,LON:ROL,ROL.L,Travel & Leisure,ROL,
RTC GROUP PLC,RTC,LON:RTC,RTC.L,Support Services,RTC,
RURELEC PLC,RUR,LON:RUR,RUR.L,Electricity,RUR,
RWS HOLDINGS PLC,RWS,LON:RWS,RWS.L,Support Services,RWS,
SABIEN TECHNOLOGY GROUP PLC,SNT,LON:SNT,SNT.L,Electronic & Electrical Equipment,SNT,
SAFECHARGE INTERNATIONAL GROUP LTD,SCH,LON:SCH,SCH.L,Support Services,SCH,
SAFELAND PLC,SAF,LON:SAF,SAF.L,Real Estate Investment & Services,SAF,
SAFESTAY PLC,SSTY,LON:SSTY,SSTY.L,Travel & Leisure,SSTY,
SAFESTYLE UK PLC,SFE,LON:SFE,SFE.L,General Retailers,SFE,
SAFFRON ENERGY PLC,SRON,LON:SRON,SRON.L,Oil & Gas Producers,SRON,
SALT LAKE POTASH LIMITED,SO4,LON:SO4,SO4.L,Alternative Energy,SO4,
SALVARX GROUP PLC,SALV,LON:SALV,SALV.L,Pharmaceuticals & Biotechnology,SALV,
SANDERSON GROUP PLC,SND,LON:SND,SND.L,Software & Computer Services,SND,
SAN LEON ENERGY PLC,SLE,LON:SLE,SLE.L,Oil & Gas Producers,SLE,
SAREUM HOLDINGS PLC,SAR,LON:SAR,SAR.L,Pharmaceuticals & Biotechnology,SAR,
SATELLITE SOLUTIONS WORLDWIDE GROUP,SAT,LON:SAT,SAT.L,Software & Computer Services,SAT,
SAVANNAH PETROLEUM PLC,SAVP,LON:SAVP,SAVP.L,Oil & Gas Producers,SAVP,
SAVANNAH RESOURCES PLC,SAV,LON:SAV,SAV.L,Mining,SAV,
SCANCELL HOLDINGS PLC,SCLP,LON:SCLP,SCLP.L,Pharmaceuticals & Biotechnology,SCLP,
SCAPA GROUP PLC,SCPA,LON:SCPA,SCPA.L,Chemicals,SCPA,
SCHOLIUM GROUP PLC,SCHO,LON:SCHO,SCHO.L,General Retailers,SCHO,
SCIENCE GROUP PLC,SAG,LON:SAG,SAG.L,Support Services,SAG,
SCIENCE IN SPORT PLC,SIS,LON:SIS,SIS.L,Food Producers,SIS,
SCIENTIFIC DIGITAL IMAGING PLC,SDI,LON:SDI,SDI.L,Health Care Equipment & Services,SDI,
SCISYS PLC,SSY,LON:SSY,SSY.L,Software & Computer Services,SSY,
SCOTGOLD RESOURCES LD,SGZ,LON:SGZ,SGZ.L,Mining,SGZ,
SDX ENERGY INC.,SDX,LON:SDX,SDX.L,Oil & Gas Producers,SDX,
SECURE INCOME REIT PLC,SIR,LON:SIR,SIR.L,Real Estate Investment Trusts,SIR,
SECURE PROPERTY DEV & INV PLC,SPDI,LON:SPDI,SPDI.L,Real Estate Investment & Services,SPDI,
SEEING MACHINES LD,SEE,LON:SEE,SEE.L,Technology Hardware & Equipment,SEE,
SERABI GOLD PLC,SRB,LON:SRB,SRB.L,Mining,SRB,
SERICA ENERGY PLC,SQZ,LON:SQZ,SQZ.L,Oil & Gas Producers,SQZ,
SERVISION PLC,SEV,LON:SEV,SEV.L,Electronic & Electrical Equipment,SEV,
SERVOCA PLC,SVCA,LON:SVCA,SVCA.L,Support Services,SVCA,
SHANTA GOLD LD,SHG,LON:SHG,SHG.L,Mining,SHG,
SHARE PLC,SHRE,LON:SHRE,SHRE.L,General Financial,SHRE,
SHEARWATER GROUP PLC,SWG,LON:SWG,SWG.L,Mining,SWG,
SHIELD THERAPEUTICS PLC,STX,LON:STX,STX.L,Pharmaceuticals & Biotechnology,STX,
SHOE ZONE PLC,SHOE,LON:SHOE,SHOE.L,General Retailers,SHOE,
SHORE CAPITAL GROUP LD,SGR,LON:SGR,SGR.L,General Financial,SGR,
SIGMA CAPITAL GROUP PLC,SGM,LON:SGM,SGM.L,General Financial,SGM,
SIGMAROC PLC,SRC,LON:SRC,SRC.L,Construction & Materials,SRC,
SILENCE THERAPEUTICS PLC,SLN,LON:SLN,SLN.L,Pharmaceuticals & Biotechnology,SLN,
SIMIGON LD,SIM,LON:SIM,SIM.L,Software & Computer Services,SIM,
SINCLAIR PHARMA PLC,SPH,LON:SPH,SPH.L,Pharmaceuticals & Biotechnology,SPH,
SIRIUS MINERALS PLC,SXX,LON:SXX,SXX.L,Mining,SXX,
SIRIUS PETROLEUM PLC,SRSP,LON:SRSP,SRSP.L,Oil & Gas Producers,SRSP,
SKINBIOTHERAPEUTICS PLC,SBTX,LON:SBTX,SBTX.L,Pharmaceuticals & Biotechnology,SBTX,
SLINGSBY(H.C.) PLC,SLNG,LON:SLNG,SLNG.L,Industrial Engineering,SLNG,
SMART METERING SYSTEMS PLC,SMS,LON:SMS,SMS.L,Support Services,SMS,
SNOOZEBOX HOLDINGS PLC,ZZZ,LON:ZZZ,ZZZ.L,Travel & Leisure,ZZZ,
SOLGOLD PLC,SOLG,LON:SOLG,SOLG.L,Mining,SOLG,
SOLID STATE PLC,SOLI,LON:SOLI,SOLI.L,Electronic & Electrical Equipment,SOLI,
SOLO OIL PLC,SOLO,LON:SOLO,SOLO.L,Oil & Gas Producers,SOLO,
SOMERO ENTERPRISE INC,SOM,LON:SOM,SOM.L,Industrial Engineering,SOM,
SOPHEON PLC,SPE,LON:SPE,SPE.L,Software & Computer Services,SPE,
SOUND ENERGY PLC,SOU,LON:SOU,SOU.L,Oil & Gas Producers,SOU,
SOUTH AFRICAN PROPERTY OPPS PLC,SAPO,LON:SAPO,SAPO.L,Real Estate Investment & Services,SAPO,
SOVEREIGN MINES OF AFRICA PLC,SMA,LON:SMA,SMA.L,Mining,SMA,
SPACEANDPEOPLE PLC,SAL,LON:SAL,SAL.L,Media,SAL,
SPECIALIST INVESTMENT PROP PLC,SIPP,LON:SIPP,SIPP.L,Real Estate Investment & Services,SIPP,
SPECTRA SYSTEMS CORPORATION,SPSC,LON:SPSC,SPSC.L,Support Services,SPSC,
SPECTRA SYSTEMS CORPORATION,SPSY,LON:SPSY,SPSY.L,Support Services,SPSY,
SPHERE MEDICAL HOLDING PLC,SPHR,LON:SPHR,SPHR.L,Health Care Equipment & Services,SPHR,
SPITFIRE OIL LD,SRO,LON:SRO,SRO.L,Oil & Gas Producers,SRO,
SPRUE AEGIS PLC,SPRP,LON:SPRP,SPRP.L,Electronic & Electrical Equipment,SPRP,
SQS SOFTWARE QUALITY SYSTEMS AG,SQS,LON:SQS,SQS.L,Software & Computer Services,SQS,
SRT MARINE SYSTEMS PLC,SRT,LON:SRT,SRT.L,Technology Hardware & Equipment,SRT,
STADIUM GROUP PLC,SDM,LON:SDM,SDM.L,Electronic & Electrical Equipment,SDM,
STAFFLINE GROUP PLC,STAF,LON:STAF,STAF.L,Support Services,STAF,
STANLEY GIBBONS GROUP PLC,SGI,LON:SGI,SGI.L,General Retailers,SGI,
STARCOM PLC,STAR,LON:STAR,STAR.L,Software & Computer Services,STAR,
STARVEST PLC,SVE,LON:SVE,SVE.L,General Financial,SVE,
STATPRO GROUP PLC,SOG,LON:SOG,SOG.L,Software & Computer Services,SOG,
STELLAR DIAMONDS PLC,STEL,LON:STEL,STEL.L,Mining,STEL,
STEPPE CEMENT LD,STCM,LON:STCM,STCM.L,Construction & Materials,STCM,
STERLING ENERGY PLC,SEY,LON:SEY,SEY.L,Oil & Gas Producers,SEY,
STILO INTERNATIONAL PLC,STL,LON:STL,STL.L,Software & Computer Services,STL,
STM GROUP PLC,STM,LON:STM,STM.L,General Financial,STM,
ST PETER PORT CAPITAL LD,SPPC,LON:SPPC,SPPC.L,Equity Investment Instruments,SPPC,
STRAT AERO PLC,AERO,LON:AERO,AERO.L,Support Services,AERO,
STRATEGIC MINERALS PLC,SML,LON:SML,SML.L,Industrial Metals,SML,
STRATEX INTERNATIONAL PLC,STI,LON:STI,STI.L,Mining,STI,
STRIDE GAMING PLC,STR,LON:STR,STR.L,Travel & Leisure,STR,
STYLES & WOOD GROUP PLC,STY,LON:STY,STY.L,Support Services,STY,
SULA IRON & GOLD PLC,SULA,LON:SULA,SULA.L,Mining,SULA,
SUMMIT GERMANY LIMITED,SMTG,LON:SMTG,SMTG.L,Real Estate Investment & Services,SMTG,
SUMMIT THERAPEUTICS PLC,SUMM,LON:SUMM,SUMM.L,Pharmaceuticals & Biotechnology,SUMM,
SUNRISE RESOURCES PLC,SRES,LON:SRES,SRES.L,Mining,SRES,
SURFACE TRANSFORMS PLC,SCE,LON:SCE,SCE.L,Automobiles & Parts,SCE,
SURGICAL INNOVATIONS GROUP PLC,SUN,LON:SUN,SUN.L,Health Care Equipment & Services,SUN,
SUTTON HARBOUR HOLDINGS PLC,SUH,LON:SUH,SUH.L,Industrial Transportation,SUH,
SWALLOWFIELD PLC,SWL,LON:SWL,SWL.L,Personal Goods,SWL,
SYLVANIA PLATINUM LIMITED,SLP,LON:SLP,SLP.L,Mining,SLP,
SYMPHONY ENVIRONMENTAL TECH. PLC,SYM,LON:SYM,SYM.L,General Industrials,SYM,
SYNAIRGEN PLC,SNG,LON:SNG,SNG.L,Pharmaceuticals & Biotechnology,SNG,
SYNECTICS PLC,SNX,LON:SNX,SNX.L,Support Services,SNX,
SYSGROUP PLC,SYS,LON:SYS,SYS.L,Software & Computer Services,SYS,
SYSTEM1 GROUP PLC,SYS1,LON:SYS1,SYS1.L,Media,SYS1,
TAIHUA PLC,TAIH,LON:TAIH,TAIH.L,Pharmaceuticals & Biotechnology,TAIH,
TALIESIN PROPERTY FUND LD,TPF,LON:TPF,TPF.L,Real Estate Investment & Services,TPF,
TANDEM GROUP PLC,TND,LON:TND,TND.L,Leisure Goods,TND,
TANFIELD GROUP PLC,TAN,LON:TAN,TAN.L,Industrial Engineering,TAN,
TAPTICA INTERNATIONAL LTD,TAP,LON:TAP,TAP.L,Media,TAP,
TASTY PLC,TAST,LON:TAST,TAST.L,Travel & Leisure,TAST,
TAU CAPITAL PLC,TAU,LON:TAU,TAU.L,Equity Investment Instruments,TAU,
TAVISTOCK INVESTMENTS PLC,TAVI,LON:TAVI,TAVI.L,General Financial,TAVI,
TAX SYSTEMS PLC,TAX,LON:TAX,TAX.L,Software & Computer Services,TAX,
TECHFINANCIALS INC,TECH,LON:TECH,TECH.L,Software & Computer Services,TECH,
TEJOORI LD,TJI,LON:TJI,TJI.L,General Financial,TJI,
TEKCAPITAL PLC,TEK,LON:TEK,TEK.L,Software & Computer Services,TEK,
TELFORD HOMES PLC,TEF,LON:TEF,TEF.L,Household Goods,TEF,
TELIT COMMUNICATIONS PLC,TCM,LON:TCM,TCM.L,Technology Hardware & Equipment,TCM,
TERN PLC,TERN,LON:TERN,TERN.L,Software & Computer Services,TERN,
TERRA CAPITAL PLC,TCA,LON:TCA,TCA.L,Equity Investment Instruments,TCA,
TERRA CATALYST FUND,TCF,LON:TCF,TCF.L,Equity Investment Instruments,TCF,
TERTIARY MINERALS PLC,TYM,LON:TYM,TYM.L,Mining,TYM,
TETHYAN RESOURCES PLC,TETH,LON:TETH,TETH.L,Mining,TETH,
THALASSA HOLDINGS LD,THAL,LON:THAL,THAL.L,Oil Equipment & Services,THAL,
THE FULHAM SHORE PLC,FUL,LON:FUL,FUL.L,Travel & Leisure,FUL,
THE MISSION MARKETING GROUP PLC,TMMG,LON:TMMG,TMMG.L,Media,TMMG,
THINKSMART LIMITED,TSL,LON:TSL,TSL.L,General Financial,TSL,
THOR MINING PLC,THR,LON:THR,THR.L,Mining,THR,
THORPE(F.W.) PLC,TFW,LON:TFW,TFW.L,Electronic & Electrical Equipment,TFW,
TIGER RESOURCE FINANCE PLC,TIR,LON:TIR,TIR.L,Equity Investment Instruments,TIR,
TIME OUT GROUP PLC,TMO,LON:TMO,TMO.L,Media,TMO,
TISO BLACKSTAR GROUP SE,TBGR,LON:TBGR,TBGR.L,Equity Investment Instruments,TBGR,
TISSUE REGENIX GROUP PLC,TRX,LON:TRX,TRX.L,Pharmaceuticals & Biotechnology,TRX,
TIZIANA LIFE SCIENCES PLC,TILS,LON:TILS,TILS.L,Pharmaceuticals & Biotechnology,TILS,
TLA WORLDWIDE PLC,TLA,LON:TLA,TLA.L,Media,TLA,
TLOU ENERGY LIMITED,TLOU,LON:TLOU,TLOU.L,Oil & Gas Producers,TLOU,
TMT INVESTMENTS,TMT,LON:TMT,TMT.L,General Financial,TMT,
TOMCO ENERGY PLC,TOM,LON:TOM,TOM.L,Oil & Gas Producers,TOM,
TOTALLY PLC,TLY,LON:TLY,TLY.L,Health Care Equipment & Services,TLY,
TOTAL PRODUCE PLC,TOT,LON:TOT,TOT.L,Food & Drug Retailers,TOT,
TOUCHSTAR PLC,TST,LON:TST,TST.L,Technology Hardware & Equipment,TST,
TOUCHSTONE INNOVATIONS PLC,IVO,LON:IVO,IVO.L,General Financial,IVO,
TOWER RESOURCES PLC,TRP,LON:TRP,TRP.L,Oil & Gas Producers,TRP,
TP GROUP PLC,TPG,LON:TPG,TPG.L,Industrial Engineering,TPG,
TRACSIS PLC,TRCS,LON:TRCS,TRCS.L,Software & Computer Services,TRCS,
TRADING EMISSIONS PLC,TRE,LON:TRE,TRE.L,General Financial,TRE,
TRAFALGAR NEW HOMES PLC,TRAF,LON:TRAF,TRAF.L,Household Goods,TRAF,
TRAKM8 HOLDINGS PLC,TRAK,LON:TRAK,TRAK.L,Technology Hardware & Equipment,TRAK,
TRANSENSE TECHNOLOGIES PLC,TRT,LON:TRT,TRT.L,Automobiles & Parts,TRT,
TRANS-SIBERIAN GOLD PLC,TSG,LON:TSG,TSG.L,Mining,TSG,
TRIBAL GROUP PLC,TRB,LON:TRB,TRB.L,Software & Computer Services,TRB,
TRICORN GROUP PLC,TCN,LON:TCN,TCN.L,Industrial Engineering,TCN,
TRINITY CAPITAL PLC,TRC,LON:TRC,TRC.L,Real Estate Investment & Services,TRC,
TRINITY EXPLORATION & PRODUCTION ,TRIN,LON:TRIN,TRIN.L,Oil & Gas Producers,TRIN,
TRI-STAR RESOURCES PLC,TSTR,LON:TSTR,TSTR.L,Industrial Metals,TSTR,
TRISTEL PLC,TSTL,LON:TSTL,TSTL.L,Health Care Equipment & Services,TSTL,
TUNGSTEN CORPORATION PLC,TUNG,LON:TUNG,TUNG.L,General Financial,TUNG,
TURBO POWER SYSTEMS INC,TPS,LON:TPS,TPS.L,Industrial Engineering,TPS,
TYRATECH INC,TYR,LON:TYR,TYR.L,Chemicals,TYR,
UBISENSE GROUP PLC,UBI,LON:UBI,UBI.L,Software & Computer Services,UBI,
UK OIL & GAS INVESTMENTS PLC,UKOG,LON:UKOG,UKOG.L,Technology Hardware & Equipment,UKOG,
UKRPRODUCT GROUP LD,UKR,LON:UKR,UKR.L,Food Producers,UKR,
ULS TECHNOLOGY PLC,ULS,LON:ULS,ULS.L,Media,ULS,
ULTIMATE SPORTS GROUP PLC,USG,LON:USG,USG.L,General Financial,USG,
UNION JACK OIL PLC,UJO,LON:UJO,UJO.L,Oil & Gas Producers,UJO,
UNITED CARPETS GROUP PLC,UCG,LON:UCG,UCG.L,General Retailers,UCG,
UNIVERSE GROUP PLC,UNG,LON:UNG,UNG.L,Support Services,UNG,
UNIVISION ENGINEERING LD,UVEL,LON:UVEL,UVEL.L,Electronic & Electrical Equipment,UVEL,
URALS ENERGY PUBLIC COMPANY LD,UEN,LON:UEN,UEN.L,Oil & Gas Producers,UEN,
URANIUM RESOURCES PLC,URA,LON:URA,URA.L,Industrial Metals,URA,
URU METALS LD,URU,LON:URU,URU.L,Industrial Metals,URU,
UTILITYWISE PLC,UTW,LON:UTW,UTW.L,Support Services,UTW,
UVENCO UK PLC,UVEN,LON:UVEN,UVEN.L,Food & Drug Retailers,UVEN,
VALIRX PLC,VAL,LON:VAL,VAL.L,Pharmaceuticals & Biotechnology,VAL,
VAN ELLE HOLDINGS PLC,VANL,LON:VANL,VANL.L,Construction & Materials,VANL,
VAST RESOURCES PLC,VAST,LON:VAST,VAST.L,Mining,VAST,
VELA TECHNOLOGIES PLC,VELA,LON:VELA,VELA.L,Media,VELA,
VELOCYS PLC,VLS,LON:VLS,VLS.L,Oil Equipment & Services,VLS,
VELTYCO GROUP PLC,VLTY,LON:VLTY,VLTY.L,Travel & Leisure,VLTY,
VENN LIFE SCIENCES HOLDINGS PLC,VENN,LON:VENN,VENN.L,Health Care Equipment & Services,VENN,
VENTURE LIFE GROUP PLC,VLG,LON:VLG,VLG.L,Food Producers,VLG,
VERNALIS PLC,VER,LON:VER,VER.L,Pharmaceuticals & Biotechnology,VER,
VERONA PHARMA PLC,VRP,LON:VRP,VRP.L,Pharmaceuticals & Biotechnology,VRP,
VERSARIEN PLC,VRS,LON:VRS,VRS.L,Chemicals,VRS,
VERSEON CORPORATION,VSN,LON:VSN,VSN.L,Pharmaceuticals & Biotechnology,VSN,
VERTU MOTORS PLC,VTU,LON:VTU,VTU.L,General Retailers,VTU,
VIANET GROUP PLC,VNET,LON:VNET,VNET.L,Support Services,VNET,
VICTORIA OIL & GAS PLC,VOG,LON:VOG,VOG.L,Oil & Gas Producers,VOG,
VICTORIA PLC,VCP,LON:VCP,VCP.L,Household Goods,VCP,
VIETNAM HOLDING LD,VNH,LON:VNH,VNH.L,Equity Investment Instruments,VNH,
VIETNAM INFRASTRUCTURE LD,VNI,LON:VNI,VNI.L,Equity Investment Instruments,VNI,
VINALAND LD,VNL,LON:VNL,VNL.L,Equity Investment Instruments,VNL,
VIPERA PLC,VIP,LON:VIP,VIP.L,Support Services,VIP,
VITESSE MEDIA PLC,VIS,LON:VIS,VIS.L,Media,VIS,
VOLGA GAS PLC,VGAS,LON:VGAS,VGAS.L,Oil & Gas Producers,VGAS,
VOLVERE PLC,VLE,LON:VLE,VLE.L,General Financial,VLE,
WALCOM GROUP LD,WALG,LON:WALG,WALG.L,Food Producers,WALG,
WALKER GREENBANK PLC,WGB,LON:WGB,WGB.L,Household Goods,WGB,
WANDISCO PLC,WAND,LON:WAND,WAND.L,Software & Computer Services,WAND,
WANDISCO PLC,WAN2,LON:WAN2,WAN2.L,Software & Computer Services,WAN2,
WARPAINT LONDON PLC,W7L,LON:W7L,W7L.L,Personal Goods,W7L,
WATCHSTONE GROUP PLC,WTG,LON:WTG,WTG.L,Software & Computer Services,WTG,
WATER INTELLIGENCE PLC,WATR,LON:WATR,WATR.L,Support Services,WATR,
WATKIN JONES PLC,WJG,LON:WJG,WJG.L,Household Goods,WJG,
WEATHERLY INTERNATIONAL PLC,WTI,LON:WTI,WTI.L,Mining,WTI,
WEBIS HOLDINGS PLC,WEB,LON:WEB,WEB.L,Travel & Leisure,WEB,
WEISS KOREA OPPORTUNITY FUND LTD.,WKOF,LON:WKOF,WKOF.L,Equity Investment Instruments,WKOF,
WENTWORTH RESOURCES LIMITED,WRL,LON:WRL,WRL.L,Oil & Gas Producers,WRL,
WEST AFRICAN MINERALS CORPORATION,WAFM,LON:WAFM,WAFM.L,Mining,WAFM,
WESTMINSTER GROUP PLC,WSG,LON:WSG,WSG.L,Support Services,WSG,
WESTMOUNT ENERGY LD,WTE,LON:WTE,WTE.L,Oil & Gas Producers,WTE,
WEY EDUCATION PLC,WEY,LON:WEY,WEY.L,Support Services,WEY,
W.H. IRELAND GROUP PLC,WHI,LON:WHI,WHI.L,General Financial,WHI,
WINDAR PHOTONICS PLC,WPHO,LON:WPHO,WPHO.L,Electronic & Electrical Equipment,WPHO,
WISHBONE GOLD PLC,WSBN,LON:WSBN,WSBN.L,Mining,WSBN,
WOLF MINERALS LIMITED,WLFE,LON:WLFE,WLFE.L,Mining,WLFE,
WORLD CAREERS NETWORK PLC,WOR,LON:WOR,WOR.L,Support Services,WOR,
W RESOURCES PLC,WRES,LON:WRES,WRES.L,Mining,WRES,
WYG PLC,WYG,LON:WYG,WYG.L,Support Services,WYG,
WYNNSTAY GROUP PLC,WYN,LON:WYN,WYN.L,Food Producers,WYN,
WYNNSTAY PROPERTIES PLC,WSP,LON:WSP,WSP.L,Real Estate Investment & Services,WSP,
XEROS TECHNOLOGY GROUP,XSG,LON:XSG,XSG.L,Industrial Engineering,XSG,
XLMEDIA PLC,XLM,LON:XLM,XLM.L,Media,XLM,
XTRACT RESOURCES PLC,XTR,LON:XTR,XTR.L,Mining,XTR,
YOLO LEISURE AND TECHNOLOGY PLC,YOLO,LON:YOLO,YOLO.L,General Financial,YOLO,
YOUGOV PLC,YOU,LON:YOU,YOU.L,Media,YOU,
YOUNG & CO'S BREWERY PLC,YNGA,LON:YNGA,YNGA.L,Travel & Leisure,YNGA,
YOUNG & CO'S BREWERY PLC,YNGN,LON:YNGN,YNGN.L,Travel & Leisure,YNGN,
ZAMANO PLC,ZMNO,LON:ZMNO,ZMNO.L,Mobile Telecommunications,ZMNO,
ZAMBEEF PRODUCTS PLC,ZAM,LON:ZAM,ZAM.L,Food Producers,ZAM,
ZANAGA IRON ORE COMPANY LD,ZIOC,LON:ZIOC,ZIOC.L,Industrial Metals,ZIOC,
ZIBAO METALS RECYCLING HOLDINGS PLC,ZBO,LON:ZBO,ZBO.L,Industrial Metals,ZBO,
ZINC MEDIA GROUP PLC,ZIN,LON:ZIN,ZIN.L,Media,ZIN,
ZOLTAV RESOURCES INC,ZOL,LON:ZOL,ZOL.L,Oil & Gas Producers,ZOL,
ZOO DIGITAL GROUP PLC,ZOO,LON:ZOO,ZOO.L,Software & Computer Services,ZOO,
ZYTRONIC PLC,ZYT,LON:ZYT,ZYT.L,Electronic & Electrical Equipment,ZYT,
